bulk_density_g_per_cm3,measurement_depth_cm,measurement_depth_mm,velocity_mm_s,advance_dz_mm_per_acq,probe_mass_mg_instant,swept_increment_mass_mg,unique_exposed_mass_mg,effective_sample_size_mg
0.4,0.01,0.1,8.39984421873892,8.39984421873892,19.634954084936208,8.399844218738922,28.03479830367513,28.03479830367513
0.4,0.02,0.2,8.39984421873892,8.39984421873892,39.269908169872416,16.799688437477844,56.06959660735026,56.06959660735026
0.4,0.03,0.3,8.39984421873892,8.39984421873892,58.90486225480862,25.19953265621676,84.1043949110254,84.1043949110254
0.4,0.04,0.4,8.39984421873892,8.39984421873892,78.53981633974483,33.59937687495569,112.13919321470053,112.13919321470053
0.4,0.05,0.5,8.39984421873892,8.39984421873892,98.17477042468104,41.99922109369461,140.17399151837566,140.17399151837566
0.4,0.06,0.6,8.39984421873892,8.39984421873892,117.80972450961724,50.39906531243352,168.2087898220508,168.2087898220508
0.4,0.07,0.7000000000000001,8.39984421873892,8.39984421873892,137.44467859455347,58.79890953117245,196.24358812572592,196.24358812572592
0.4,0.08,0.8,8.39984421873892,8.39984421873892,157.07963267948966,67.19875374991138,224.27838642940105,224.27838642940105
0.4,0.09,0.8999999999999999,8.39984421873892,8.39984421873892,176.71458676442586,75.59859796865028,252.31318473307613,252.31318473307613
0.4,0.1,1.0,8.39984421873892,8.39984421873892,196.34954084936209,83.99844218738922,280.3479830367513,280.3479830367513
0.4,0.11,1.1,8.39984421873892,8.39984421873892,215.9844949342983,92.39828640612812,308.38278134042645,308.38278134042645
0.4,0.12,1.2,8.39984421873892,8.39984421873892,235.61944901923448,100.79813062486704,336.4175796441016,336.4175796441016
0.4,0.13,1.3,8.39984421873892,8.39984421873892,255.25440310417073,109.19797484360596,364.4523779477767,364.4523779477767
0.4,0.14,1.4000000000000001,8.39984421873892,8.39984421873892,274.88935718910693,117.5978190623449,392.48717625145184,392.48717625145184
0.4,0.15,1.5,8.39984421873892,8.39984421873892,294.52431127404316,125.9976632810838,420.521974555127,420.521974555127
0.4,0.16,1.6,8.39984421873892,8.39984421873892,314.1592653589793,134.39750749982275,448.5567728588021,448.5567728588021
0.4,0.17,1.7000000000000002,8.39984421873892,8.39984421873892,333.79421944391555,142.79735171856166,476.59157116247724,476.59157116247724
0.4,0.18,1.7999999999999998,8.39984421873892,8.39984421873892,353.4291735288517,151.19719593730056,504.62636946615225,504.62636946615225
0.4,0.19,1.9,8.39984421873892,8.39984421873892,373.064127613788,159.59704015603947,532.6611677698274,532.6611677698274
0.4,0.2,2.0,8.39984421873892,8.39984421873892,392.69908169872417,167.99688437477843,560.6959660735026,560.6959660735026
0.5,0.01,0.1,6.719875374991137,6.719875374991137,24.543692606170257,8.399844218738922,32.94353682490918,32.94353682490918
0.5,0.02,0.2,6.719875374991137,6.719875374991137,49.087385212340514,16.799688437477844,65.88707364981836,65.88707364981836
0.5,0.03,0.3,6.719875374991137,6.719875374991137,73.63107781851078,25.19953265621676,98.83061047472754,98.83061047472754
0.5,0.04,0.4,6.719875374991137,6.719875374991137,98.17477042468103,33.59937687495569,131.77414729963672,131.77414729963672
0.5,0.05,0.5,6.719875374991137,6.719875374991137,122.71846303085131,41.99922109369461,164.7176841245459,164.7176841245459
0.5,0.06,0.6,6.719875374991137,6.719875374991137,147.26215563702155,50.39906531243352,197.66122094945507,197.66122094945507
0.5,0.07,0.7000000000000001,6.719875374991137,6.719875374991137,171.80584824319183,58.79890953117245,230.6047577743643,230.6047577743643
0.5,0.08,0.8,6.719875374991137,6.719875374991137,196.34954084936206,67.19875374991138,263.54829459927345,263.54829459927345
0.5,0.09,0.8999999999999999,6.719875374991137,6.719875374991137,220.89323345553234,75.59859796865028,296.49183142418264,296.49183142418264
0.5,0.1,1.0,6.719875374991137,6.719875374991137,245.43692606170262,83.99844218738922,329.4353682490918,329.4353682490918
0.5,0.11,1.1,6.719875374991137,6.719875374991137,269.9806186678729,92.39828640612812,362.378905074001,362.378905074001
0.5,0.12,1.2,6.719875374991137,6.719875374991137,294.5243112740431,100.79813062486704,395.32244189891014,395.32244189891014
0.5,0.13,1.3,6.719875374991137,6.719875374991137,319.0680038802134,109.19797484360598,428.2659787238194,428.2659787238194
0.5,0.14,1.4000000000000001,6.719875374991137,6.719875374991137,343.61169648638366,117.5978190623449,461.2095155487286,461.2095155487286
0.5,0.15,1.5,6.719875374991137,6.719875374991137,368.1553890925539,125.9976632810838,494.1530523736377,494.1530523736377
0.5,0.16,1.6,6.719875374991137,6.719875374991137,392.6990816987241,134.39750749982275,527.0965891985469,527.0965891985469
0.5,0.17,1.7000000000000002,6.719875374991137,6.719875374991137,417.24277430489445,142.79735171856169,560.0401260234561,560.0401260234561
0.5,0.18,1.7999999999999998,6.719875374991137,6.719875374991137,441.7864669110647,151.19719593730056,592.9836628483653,592.9836628483653
0.5,0.19,1.9,6.719875374991137,6.719875374991137,466.33015951723496,159.5970401560395,625.9271996732745,625.9271996732745
0.5,0.2,2.0,6.719875374991137,6.719875374991137,490.87385212340524,167.99688437477843,658.8707364981836,658.8707364981836
0.6,0.01,0.1,5.599896145825946,5.599896145825946,29.45243112740431,8.39984421873892,37.85227534614324,37.85227534614324
0.6,0.02,0.2,5.599896145825946,5.599896145825946,58.90486225480862,16.79968843747784,75.70455069228647,75.70455069228647
0.6,0.03,0.3,5.599896145825946,5.599896145825946,88.35729338221293,25.199532656216757,113.55682603842969,113.55682603842969
0.6,0.04,0.4,5.599896145825946,5.599896145825946,117.80972450961724,33.59937687495568,151.40910138457295,151.40910138457295
0.6,0.05,0.5,5.599896145825946,5.599896145825946,147.26215563702155,41.999221093694594,189.26137673071617,189.26137673071617
0.6,0.06,0.6,5.599896145825946,5.599896145825946,176.71458676442586,50.399065312433514,227.11365207685938,227.11365207685938
0.6,0.07,0.7000000000000001,5.599896145825946,5.599896145825946,206.1670178918302,58.798909531172434,264.9659274230026,264.9659274230026
0.6,0.08,0.8,5.599896145825946,5.599896145825946,235.61944901923448,67.19875374991136,302.8182027691459,302.8182027691459
0.6,0.09,0.8999999999999999,5.599896145825946,5.599896145825946,265.0718801466388,75.59859796865027,340.67047811528903,340.67047811528903
0.6,0.1,1.0,5.599896145825946,5.599896145825946,294.5243112740431,83.99844218738919,378.52275346143233,378.52275346143233
0.6,0.11,1.1,5.599896145825946,5.599896145825946,323.97674240144744,92.39828640612811,416.3750288075756,416.3750288075756
0.6,0.12,1.2,5.599896145825946,5.599896145825946,353.4291735288517,100.79813062486703,454.22730415371876,454.22730415371876
0.6,0.13,1.3,5.599896145825946,5.599896145825946,382.88160465625606,109.19797484360595,492.079579499862,492.079579499862
0.6,0.14,1.4000000000000001,5.599896145825946,5.599896145825946,412.3340357836604,117.59781906234487,529.9318548460052,529.9318548460052
0.6,0.15,1.5,5.599896145825946,5.599896145825946,441.7864669110647,125.99766328108377,567.7841301921485,567.7841301921485
0.6,0.16,1.6,5.599896145825946,5.599896145825946,471.23889803846896,134.39750749982272,605.6364055382918,605.6364055382918
0.6,0.17,1.7000000000000002,5.599896145825946,5.599896145825946,500.69132916587336,142.79735171856163,643.488680884435,643.488680884435
0.6,0.18,1.7999999999999998,5.599896145825946,5.599896145825946,530.1437602932776,151.19719593730053,681.3409562305781,681.3409562305781
0.6,0.19,1.9,5.599896145825946,5.599896145825946,559.596191420682,159.59704015603947,719.1932315767215,719.1932315767215
0.6,0.2,2.0,5.599896145825946,5.599896145825946,589.0486225480862,167.99688437477838,757.0455069228647,757.0455069228647
