pipe_diameter_cm,pipe_area_cm2,probe_window_diameter_cm,probe_window_area_cm2,measurement_depth_cm,bulk_density_g_per_cm3,throughput_kg,throughput_time_s,mass_flow_g_s,vol_flow_cm3_s,velocity_source,velocity_cm_s,velocity_mm_s,acquisition_time_s,axial_length_model,axial_sampling_length_cm,advance_dz_cm_per_acq,refresh_fraction_per_acq,probe_volume_cm3,probe_mass_g_instant,probe_mass_mg_instant,new_mass_g_per_acq,new_mass_mg_per_acq,mass_passed_g_per_acq,mass_passed_mg_per_acq,mass_time_exposure_g_s,mass_time_exposure_mg_s
10.0,78.53981633974483,0.5,0.19634954084936207,0.1,0.3,95.0,3600.0,26.38888888888889,87.96296296296296,derived_from_throughput,1.1199792291651893,11.199792291651892,0.1,window_diameter,0.5,0.11199792291651894,0.2239958458330379,0.019634954084936207,0.005890486225480862,5.890486225480862,0.0013194444444444443,1.3194444444444442,0.006597222222222221,6.597222222222221,0.0005890486225480862,0.5890486225480862
10.0,78.53981633974483,0.5,0.19634954084936207,0.1,0.3,95.0,3600.0,26.38888888888889,87.96296296296296,derived_from_throughput,1.1199792291651893,11.199792291651892,0.35789473684210527,window_diameter,0.5,0.40083467149069935,0.8016693429813987,0.019634954084936207,0.005890486225480862,5.890486225480862,0.004722222222222221,4.722222222222221,0.023611111111111107,23.611111111111107,0.002108174017540519,2.108174017540519
10.0,78.53981633974483,0.5,0.19634954084936207,0.1,0.3,95.0,3600.0,26.38888888888889,87.96296296296296,derived_from_throughput,1.1199792291651893,11.199792291651892,0.6157894736842106,window_diameter,0.5,0.6896714200648798,1.0,0.019634954084936207,0.005890486225480862,5.890486225480862,0.005890486225480862,5.890486225480862,0.040624999999999994,40.62499999999999,0.003627299412532952,3.627299412532952
10.0,78.53981633974483,0.5,0.19634954084936207,0.1,0.3,95.0,3600.0,26.38888888888889,87.96296296296296,derived_from_throughput,1.1199792291651893,11.199792291651892,0.8736842105263158,window_diameter,0.5,0.9785081686390602,1.0,0.019634954084936207,0.005890486225480862,5.890486225480862,0.005890486225480862,5.890486225480862,0.05763888888888888,57.63888888888888,0.005146424807525384,5.146424807525384
10.0,78.53981633974483,0.5,0.19634954084936207,0.1,0.3,95.0,3600.0,26.38888888888889,87.96296296296296,derived_from_throughput,1.1199792291651893,11.199792291651892,1.1315789473684212,window_diameter,0.5,1.2673449172132407,1.0,0.019634954084936207,0.005890486225480862,5.890486225480862,0.005890486225480862,5.890486225480862,0.07465277777777778,74.65277777777777,0.006665550202517819,6.665550202517819
10.0,78.53981633974483,0.5,0.19634954084936207,0.1,0.3,95.0,3600.0,26.38888888888889,87.96296296296296,derived_from_throughput,1.1199792291651893,11.199792291651892,1.3894736842105266,window_diameter,0.5,1.5561816657874212,1.0,0.019634954084936207,0.005890486225480862,5.890486225480862,0.005890486225480862,5.890486225480862,0.09166666666666667,91.66666666666667,0.008184675597510252,8.184675597510251
10.0,78.53981633974483,0.5,0.19634954084936207,0.1,0.3,95.0,3600.0,26.38888888888889,87.96296296296296,derived_from_throughput,1.1199792291651893,11.199792291651892,1.6473684210526318,window_diameter,0.5,1.8450184143616015,1.0,0.019634954084936207,0.005890486225480862,5.890486225480862,0.005890486225480862,5.890486225480862,0.10868055555555554,108.68055555555554,0.009703800992502684,9.703800992502684
10.0,78.53981633974483,0.5,0.19634954084936207,0.1,0.3,95.0,3600.0,26.38888888888889,87.96296296296296,derived_from_throughput,1.1199792291651893,11.199792291651892,1.905263157894737,window_diameter,0.5,2.133855162935782,1.0,0.019634954084936207,0.005890486225480862,5.890486225480862,0.005890486225480862,5.890486225480862,0.12569444444444444,125.69444444444444,0.011222926387495117,11.222926387495116
10.0,78.53981633974483,0.5,0.19634954084936207,0.1,0.3,95.0,3600.0,26.38888888888889,87.96296296296296,derived_from_throughput,1.1199792291651893,11.199792291651892,2.1631578947368424,window_diameter,0.5,2.4226919115099625,1.0,0.019634954084936207,0.005890486225480862,5.890486225480862,0.005890486225480862,5.890486225480862,0.14270833333333333,142.70833333333331,0.01274205178248755,12.74205178248755
10.0,78.53981633974483,0.5,0.19634954084936207,0.1,0.3,95.0,3600.0,26.38888888888889,87.96296296296296,derived_from_throughput,1.1199792291651893,11.199792291651892,2.421052631578948,window_diameter,0.5,2.711528660084143,1.0,0.019634954084936207,0.005890486225480862,5.890486225480862,0.005890486225480862,5.890486225480862,0.1597222222222222,159.7222222222222,0.014261177177479984,14.261177177479984
10.0,78.53981633974483,0.5,0.19634954084936207,0.1,0.3,95.0,3600.0,26.38888888888889,87.96296296296296,derived_from_throughput,1.1199792291651893,11.199792291651892,2.678947368421053,window_diameter,0.5,3.0003654086583236,1.0,0.019634954084936207,0.005890486225480862,5.890486225480862,0.005890486225480862,5.890486225480862,0.17673611111111112,176.73611111111111,0.015780302572472416,15.780302572472417
10.0,78.53981633974483,0.5,0.19634954084936207,0.1,0.3,95.0,3600.0,26.38888888888889,87.96296296296296,derived_from_throughput,1.1199792291651893,11.199792291651892,2.936842105263158,window_diameter,0.5,3.289202157232504,1.0,0.019634954084936207,0.005890486225480862,5.890486225480862,0.005890486225480862,5.890486225480862,0.19374999999999998,193.74999999999997,0.017299427967464847,17.299427967464847
10.0,78.53981633974483,0.5,0.19634954084936207,0.1,0.3,95.0,3600.0,26.38888888888889,87.96296296296296,derived_from_throughput,1.1199792291651893,11.199792291651892,3.1947368421052635,window_diameter,0.5,3.578038905806684,1.0,0.019634954084936207,0.005890486225480862,5.890486225480862,0.005890486225480862,5.890486225480862,0.21076388888888886,210.76388888888886,0.01881855336245728,18.81855336245728
10.0,78.53981633974483,0.5,0.19634954084936207,0.1,0.3,95.0,3600.0,26.38888888888889,87.96296296296296,derived_from_throughput,1.1199792291651893,11.199792291651892,3.452631578947369,window_diameter,0.5,3.866875654380865,1.0,0.019634954084936207,0.005890486225480862,5.890486225480862,0.005890486225480862,5.890486225480862,0.22777777777777777,227.77777777777777,0.020337678757449715,20.337678757449716
10.0,78.53981633974483,0.5,0.19634954084936207,0.1,0.3,95.0,3600.0,26.38888888888889,87.96296296296296,derived_from_throughput,1.1199792291651893,11.199792291651892,3.710526315789474,window_diameter,0.5,4.155712402955045,1.0,0.019634954084936207,0.005890486225480862,5.890486225480862,0.005890486225480862,5.890486225480862,0.24479166666666663,244.79166666666663,0.021856804152442146,21.856804152442145
10.0,78.53981633974483,0.5,0.19634954084936207,0.1,0.3,95.0,3600.0,26.38888888888889,87.96296296296296,derived_from_throughput,1.1199792291651893,11.199792291651892,3.9684210526315793,window_diameter,0.5,4.444549151529225,1.0,0.019634954084936207,0.005890486225480862,5.890486225480862,0.005890486225480862,5.890486225480862,0.2618055555555555,261.8055555555555,0.02337592954743458,23.37592954743458
10.0,78.53981633974483,0.5,0.19634954084936207,0.1,0.3,95.0,3600.0,26.38888888888889,87.96296296296296,derived_from_throughput,1.1199792291651893,11.199792291651892,4.226315789473684,window_diameter,0.5,4.733385900103405,1.0,0.019634954084936207,0.005890486225480862,5.890486225480862,0.005890486225480862,5.890486225480862,0.2788194444444444,278.8194444444444,0.02489505494242701,24.895054942427013
10.0,78.53981633974483,0.5,0.19634954084936207,0.1,0.3,95.0,3600.0,26.38888888888889,87.96296296296296,derived_from_throughput,1.1199792291651893,11.199792291651892,4.484210526315789,window_diameter,0.5,5.022222648677586,1.0,0.019634954084936207,0.005890486225480862,5.890486225480862,0.005890486225480862,5.890486225480862,0.2958333333333333,295.83333333333326,0.026414180337419442,26.41418033741944
10.0,78.53981633974483,0.5,0.19634954084936207,0.1,0.3,95.0,3600.0,26.38888888888889,87.96296296296296,derived_from_throughput,1.1199792291651893,11.199792291651892,4.742105263157895,window_diameter,0.5,5.311059397251767,1.0,0.019634954084936207,0.005890486225480862,5.890486225480862,0.005890486225480862,5.890486225480862,0.31284722222222217,312.8472222222222,0.027933305732411876,27.933305732411878
10.0,78.53981633974483,0.5,0.19634954084936207,0.1,0.3,95.0,3600.0,26.38888888888889,87.96296296296296,derived_from_throughput,1.1199792291651893,11.199792291651892,5.0,window_diameter,0.5,5.599896145825946,1.0,0.019634954084936207,0.005890486225480862,5.890486225480862,0.005890486225480862,5.890486225480862,0.32986111111111105,329.86111111111103,0.02945243112740431,29.45243112740431
