ESS_mg,sigma_floor_variance_mg_g_sq,k,b,observed_variance_mg_g_sq,observed_sd_mg_g
1.0,0.16,36.0,1.0,36.16,6.013318551349163
2.0,0.16,36.0,1.0,18.16,4.261455150532504
3.0,0.16,36.0,1.0,12.16,3.4871191548325386
4.0,0.16,36.0,1.0,9.16,3.026549190084311
5.0,0.16,36.0,1.0,7.36,2.7129319932501073
6.0,0.16,36.0,1.0,6.16,2.4819347291981715
7.0,0.16,36.0,1.0,5.302857142857143,2.3027933348125584
8.0,0.16,36.0,1.0,4.66,2.1587033144922905
9.0,0.16,36.0,1.0,4.16,2.039607805437114
10.0,0.16,36.0,1.0,3.7600000000000002,1.9390719429665317
11.0,0.16,36.0,1.0,3.432727272727273,1.8527620658701087
12.0,0.16,36.0,1.0,3.16,1.7776388834631178
13.0,0.16,36.0,1.0,2.9292307692307693,1.7114995674059545
14.0,0.16,36.0,1.0,2.7314285714285718,1.6527034130262368
15.0,0.16,36.0,1.0,2.56,1.6
16.0,0.16,36.0,1.0,2.41,1.5524174696260025
17.0,0.16,36.0,1.0,2.2776470588235296,1.5091875492540778
18.0,0.16,36.0,1.0,2.16,1.469693845669907
19.0,0.16,36.0,1.0,2.054736842105263,1.4334353288883537
20.0,0.16,36.0,1.0,1.96,1.4
21.0,0.16,36.0,1.0,1.874285714285714,1.3690455486526787
22.0,0.16,36.0,1.0,1.7963636363636364,1.3402849086532447
23.0,0.16,36.0,1.0,1.7252173913043478,1.3134753105042927
24.0,0.16,36.0,1.0,1.66,1.2884098726725126
25.0,0.16,36.0,1.0,1.5999999999999999,1.2649110640673518
26.0,0.16,36.0,1.0,1.5446153846153845,1.2428255648381974
27.0,0.16,36.0,1.0,1.4933333333333332,1.2220201853215573
28.0,0.16,36.0,1.0,1.4457142857142857,1.2023785950000465
29.0,0.16,36.0,1.0,1.4013793103448275,1.1837986781310526
30.0,0.16,36.0,1.0,1.3599999999999999,1.16619037896906
31.0,0.16,36.0,1.0,1.3212903225806452,1.1494739329713595
32.0,0.16,36.0,1.0,1.285,1.1335784048754634
33.0,0.16,36.0,1.0,1.2509090909090907,1.1184404726712507
34.0,0.16,36.0,1.0,1.2188235294117646,1.1040034100544096
35.0,0.16,36.0,1.0,1.1885714285714284,1.090216230190795
36.0,0.16,36.0,1.0,1.16,1.0770329614269007
37.0,0.16,36.0,1.0,1.132972972972973,1.0644120315803336
38.0,0.16,36.0,1.0,1.1073684210526316,1.0523157420910474
39.0,0.16,36.0,1.0,1.083076923076923,1.0407098169407853
40.0,0.16,36.0,1.0,1.06,1.0295630140987
41.0,0.16,36.0,1.0,1.038048780487805,1.0188467895065503
42.0,0.16,36.0,1.0,1.0171428571428571,1.008535005412731
43.0,0.16,36.0,1.0,0.9972093023255815,0.9986036763028572
44.0,0.16,36.0,1.0,0.9781818181818183,0.9890307468333925
45.0,0.16,36.0,1.0,0.9600000000000001,0.9797958971132713
46.0,0.16,36.0,1.0,0.942608695652174,0.9708803714424213
47.0,0.16,36.0,1.0,0.9259574468085107,0.9622668272410261
48.0,0.16,36.0,1.0,0.91,0.9539392014169457
49.0,0.16,36.0,1.0,0.8946938775510205,0.9458825918426771
50.0,0.16,36.0,1.0,0.88,0.938083151964686
51.0,0.16,36.0,1.0,0.8658823529411765,0.9305279968604795
52.0,0.16,36.0,1.0,0.8523076923076923,0.9232051193032307
53.0,0.16,36.0,1.0,0.8392452830188679,0.9161033145987781
54.0,0.16,36.0,1.0,0.8266666666666667,0.9092121131323904
55.0,0.16,36.0,1.0,0.8145454545454546,0.902521719708426
56.0,0.16,36.0,1.0,0.8028571428571429,0.896022958889527
57.0,0.16,36.0,1.0,0.791578947368421,0.8897072256469659
58.0,0.16,36.0,1.0,0.7806896551724138,0.8835664407232847
59.0,0.16,36.0,1.0,0.7701694915254238,0.877593010184917
60.0,0.16,36.0,1.0,0.76,0.8717797887081347
61.0,0.16,36.0,1.0,0.7501639344262295,0.8661200461981177
62.0,0.16,36.0,1.0,0.7406451612903227,0.8606074373896164
63.0,0.16,36.0,1.0,0.7314285714285714,0.855235974119758
64.0,0.16,36.0,1.0,0.7225,0.85
65.0,0.16,36.0,1.0,0.7138461538461539,0.8448941672459066
66.0,0.16,36.0,1.0,0.7054545454545454,0.8399134154509889
67.0,0.16,36.0,1.0,0.6973134328358209,0.8350529521149068
68.0,0.16,36.0,1.0,0.6894117647058824,0.8303082347573595
69.0,0.16,36.0,1.0,0.6817391304347826,0.825674954467424
70.0,0.16,36.0,1.0,0.6742857142857143,0.8211490207542808
71.0,0.16,36.0,1.0,0.6670422535211268,0.8167265475794985
72.0,0.16,36.0,1.0,0.66,0.812403840463596
73.0,0.16,36.0,1.0,0.6531506849315069,0.8081773845706812
74.0,0.16,36.0,1.0,0.6464864864864865,0.8040438336847603
75.0,0.16,36.0,1.0,0.64,0.8
76.0,0.16,36.0,1.0,0.6336842105263157,0.7960428446549317
77.0,0.16,36.0,1.0,0.6275324675324675,0.792169468947439
78.0,0.16,36.0,1.0,0.6215384615384616,0.7883771061734743
79.0,0.16,36.0,1.0,0.6156962025316456,0.7846631140378943
80.0,0.16,36.0,1.0,0.61,0.7810249675906654
81.0,0.16,36.0,1.0,0.6044444444444445,0.77746025264604
82.0,0.16,36.0,1.0,0.5990243902439024,0.7739666596462036
83.0,0.16,36.0,1.0,0.5937349397590361,0.7705419779343862
84.0,0.16,36.0,1.0,0.5885714285714285,0.7671840904055743
85.0,0.16,36.0,1.0,0.5835294117647059,0.7638909685057848
86.0,0.16,36.0,1.0,0.5786046511627907,0.7606606675534043
87.0,0.16,36.0,1.0,0.5737931034482758,0.7574913223583989
88.0,0.16,36.0,1.0,0.5690909090909091,0.7543811431172635
89.0,0.16,36.0,1.0,0.5644943820224719,0.75132841156346
90.0,0.16,36.0,1.0,0.56,0.7483314773547883
91.0,0.16,36.0,1.0,0.5556043956043956,0.745388754680667
92.0,0.16,36.0,1.0,0.551304347826087,0.7424987190737011
93.0,0.16,36.0,1.0,0.5470967741935484,0.7396599044111749
94.0,0.16,36.0,1.0,0.5429787234042553,0.7368709000932628
95.0,0.16,36.0,1.0,0.5389473684210526,0.7341303483857976
96.0,0.16,36.0,1.0,0.535,0.7314369419163897
97.0,0.16,36.0,1.0,0.5311340206185567,0.7287894213135622
98.0,0.16,36.0,1.0,0.5273469387755102,0.726186572979362
99.0,0.16,36.0,1.0,0.5236363636363637,0.7236272269866327
100.0,0.16,36.0,1.0,0.52,0.7211102550927979
101.0,0.16,36.0,1.0,0.5164356435643565,0.7186345688626149
102.0,0.16,36.0,1.0,0.5129411764705882,0.7161991178929141
103.0,0.16,36.0,1.0,0.5095145631067961,0.7138028881328486
104.0,0.16,36.0,1.0,0.5061538461538462,0.7114449002936533
105.0,0.16,36.0,1.0,0.5028571428571429,0.7091242083423347
106.0,0.16,36.0,1.0,0.4996226415094339,0.7068398980741211
107.0,0.16,36.0,1.0,0.4964485981308411,0.7045910857588542
108.0,0.16,36.0,1.0,0.4933333333333333,0.7023769168568492
109.0,0.16,36.0,1.0,0.4902752293577982,0.7001965648000554
110.0,0.16,36.0,1.0,0.4872727272727273,0.6980492298346351
111.0,0.16,36.0,1.0,0.4843243243243244,0.6959341379213441
112.0,0.16,36.0,1.0,0.48142857142857143,0.6938505396903366
113.0,0.16,36.0,1.0,0.47858407079646015,0.6917977094472488
114.0,0.16,36.0,1.0,0.47578947368421054,0.6897749442276159
115.0,0.16,36.0,1.0,0.47304347826086957,0.6877815628968761
116.0,0.16,36.0,1.0,0.4703448275862069,0.6858169052933931
117.0,0.16,36.0,1.0,0.46769230769230774,0.6838803314120883
118.0,0.16,36.0,1.0,0.46508474576271186,0.6819712206264366
119.0,0.16,36.0,1.0,0.4625210084033613,0.6800889709467146
120.0,0.16,36.0,1.0,0.45999999999999996,0.6782329983125268
121.0,0.16,36.0,1.0,0.45752066115702483,0.6764027359177555
122.0,0.16,36.0,1.0,0.4550819672131148,0.6745976335661983
123.0,0.16,36.0,1.0,0.45268292682926825,0.6728171570562601
124.0,0.16,36.0,1.0,0.4503225806451613,0.6710607875931668
125.0,0.16,36.0,1.0,0.44799999999999995,0.6693280212272604
126.0,0.16,36.0,1.0,0.44571428571428573,0.6676183683170241
127.0,0.16,36.0,1.0,0.44346456692913383,0.6659313530155596
128.0,0.16,36.0,1.0,0.44125000000000003,0.6642665127793211
129.0,0.16,36.0,1.0,0.43906976744186044,0.6626233978979768
130.0,0.16,36.0,1.0,0.43692307692307697,0.6610015710443334
131.0,0.16,36.0,1.0,0.43480916030534356,0.6594006068433237
132.0,0.16,36.0,1.0,0.43272727272727274,0.6578200914591107
133.0,0.16,36.0,1.0,0.4306766917293233,0.6562596221994184
134.0,0.16,36.0,1.0,0.4286567164179105,0.6547188071362472
135.0,0.16,36.0,1.0,0.42666666666666664,0.6531972647421808
136.0,0.16,36.0,1.0,0.42470588235294116,0.6516946235415335
137.0,0.16,36.0,1.0,0.42277372262773727,0.6502105217756302
138.0,0.16,36.0,1.0,0.4208695652173913,0.6487446070815474
139.0,0.16,36.0,1.0,0.41899280575539566,0.6472965361836842
140.0,0.16,36.0,1.0,0.41714285714285715,0.6458659745975609
141.0,0.16,36.0,1.0,0.41531914893617017,0.6444525963452783
142.0,0.16,36.0,1.0,0.4135211267605634,0.6430560836821027
143.0,0.16,36.0,1.0,0.4117482517482518,0.6416761268336635
144.0,0.16,36.0,1.0,0.41000000000000003,0.6403124237432849
145.0,0.16,36.0,1.0,0.4082758620689655,0.6389646798289914
146.0,0.16,36.0,1.0,0.40657534246575344,0.6376326077497554
147.0,0.16,36.0,1.0,0.40489795918367344,0.636315927180574
148.0,0.16,36.0,1.0,0.40324324324324323,0.6350143645959855
149.0,0.16,36.0,1.0,0.4016107382550336,0.6337276530616551
150.0,0.16,36.0,1.0,0.4,0.6324555320336759
151.0,0.16,36.0,1.0,0.3984105960264901,0.6311977471652526
152.0,0.16,36.0,1.0,0.3968421052631579,0.6299540501204496
153.0,0.16,36.0,1.0,0.3952941176470588,0.6287241983947006
154.0,0.16,36.0,1.0,0.39376623376623376,0.6275079551417924
155.0,0.16,36.0,1.0,0.39225806451612905,0.6263050890070502
156.0,0.16,36.0,1.0,0.39076923076923076,0.6251153739664629
157.0,0.16,36.0,1.0,0.3892993630573248,0.6239385891715024
158.0,0.16,36.0,1.0,0.3878481012658228,0.6227745187993988
159.0,0.16,36.0,1.0,0.3864150943396226,0.621622951908649
160.0,0.16,36.0,1.0,0.385,0.6204836822995429
161.0,0.16,36.0,1.0,0.3836024844720497,0.6193565083795033
162.0,0.16,36.0,1.0,0.38222222222222224,0.6182412330330469
163.0,0.16,36.0,1.0,0.38085889570552145,0.6171376634961777
164.0,0.16,36.0,1.0,0.3795121951219512,0.6160456112350378
165.0,0.16,36.0,1.0,0.3781818181818182,0.6149648918286459
166.0,0.16,36.0,1.0,0.3768674698795181,0.6138953248555636
167.0,0.16,36.0,1.0,0.3755688622754491,0.6128367337843328
168.0,0.16,36.0,1.0,0.3742857142857143,0.6117889458675387
169.0,0.16,36.0,1.0,0.37301775147928995,0.6107517920393603
170.0,0.16,36.0,1.0,0.37176470588235294,0.6097251068164677
171.0,0.16,36.0,1.0,0.3705263157894737,0.6087087282021457
172.0,0.16,36.0,1.0,0.36930232558139536,0.6077024975935144
173.0,0.16,36.0,1.0,0.368092485549133,0.6067062596917333
174.0,0.16,36.0,1.0,0.36689655172413793,0.6057198624150755
175.0,0.16,36.0,1.0,0.3657142857142857,0.6047431568147635
176.0,0.16,36.0,1.0,0.36454545454545456,0.6037759969934666
177.0,0.16,36.0,1.0,0.3633898305084746,0.6028182400263571
178.0,0.16,36.0,1.0,0.3622471910112359,0.6018697458846357
179.0,0.16,36.0,1.0,0.36111731843575423,0.600930377361433
180.0,0.16,36.0,1.0,0.36,0.6
181.0,0.16,36.0,1.0,0.35889502762430936,0.5990784820241079
182.0,0.16,36.0,1.0,0.3578021978021978,0.598165694270574
183.0,0.16,36.0,1.0,0.35672131147540986,0.59726151012384
184.0,0.16,36.0,1.0,0.3556521739130435,0.5963658054525288
185.0,0.16,36.0,1.0,0.35459459459459464,0.5954784585479097
186.0,0.16,36.0,1.0,0.35354838709677416,0.5945993500642043
187.0,0.16,36.0,1.0,0.35251336898395724,0.5937283629606701
188.0,0.16,36.0,1.0,0.35148936170212763,0.5928653824453977
189.0,0.16,36.0,1.0,0.3504761904761905,0.5920102959207639
190.0,0.16,36.0,1.0,0.3494736842105263,0.591162992930483
191.0,0.16,36.0,1.0,0.34848167539267016,0.5903233651082008
192.0,0.16,36.0,1.0,0.34750000000000003,0.5894913061275798
193.0,0.16,36.0,1.0,0.34652849740932645,0.5886667116538241
194.0,0.16,36.0,1.0,0.3455670103092784,0.5878494792965955
195.0,0.16,36.0,1.0,0.34461538461538466,0.5870395085642742
196.0,0.16,36.0,1.0,0.3436734693877551,0.5862367008195197
197.0,0.16,36.0,1.0,0.34274111675126906,0.5854409592360865
198.0,0.16,36.0,1.0,0.3418181818181818,0.5846521887568555
199.0,0.16,36.0,1.0,0.34090452261306536,0.5838702960530406
200.0,0.16,36.0,1.0,0.33999999999999997,0.58309518948453
201.0,0.16,36.0,1.0,0.3391044776119403,0.5823267790613277
202.0,0.16,36.0,1.0,0.3382178217821782,0.5815649764060574
203.0,0.16,36.0,1.0,0.33733990147783255,0.5808096947174974
204.0,0.16,36.0,1.0,0.33647058823529413,0.5800608487351082
205.0,0.16,36.0,1.0,0.33560975609756094,0.5793183547045276
206.0,0.16,36.0,1.0,0.33475728155339807,0.5785821303439971
207.0,0.16,36.0,1.0,0.3339130434782609,0.5778520948116922
208.0,0.16,36.0,1.0,0.33307692307692305,0.577128168673929
209.0,0.16,36.0,1.0,0.33224880382775124,0.5764102738742182
210.0,0.16,36.0,1.0,0.3314285714285714,0.5756983337031395
211.0,0.16,36.0,1.0,0.33061611374407585,0.5749922727690137
212.0,0.16,36.0,1.0,0.329811320754717,0.5742920169693437
213.0,0.16,36.0,1.0,0.3290140845070423,0.5735974934630051
214.0,0.16,36.0,1.0,0.32822429906542055,0.5729086306431599
215.0,0.16,36.0,1.0,0.32744186046511625,0.5722253581108725
216.0,0.16,36.0,1.0,0.32666666666666666,0.5715476066494082
217.0,0.16,36.0,1.0,0.3258986175115207,0.5708753081991905
218.0,0.16,36.0,1.0,0.3251376146788991,0.5702083958333998
219.0,0.16,36.0,1.0,0.32438356164383564,0.5695468037341932
220.0,0.16,36.0,1.0,0.3236363636363636,0.5688904671695278
221.0,0.16,36.0,1.0,0.32289592760180996,0.5682393224705679
222.0,0.16,36.0,1.0,0.3221621621621622,0.56759330700966
223.0,0.16,36.0,1.0,0.32143497757847533,0.5669523591788602
224.0,0.16,36.0,1.0,0.32071428571428573,0.5663164183689943
225.0,0.16,36.0,1.0,0.32,0.565685424949238
226.0,0.16,36.0,1.0,0.3192920353982301,0.5650593202472021
227.0,0.16,36.0,1.0,0.3185903083700441,0.5644380465295054
228.0,0.16,36.0,1.0,0.31789473684210523,0.5638215469828244
229.0,0.16,36.0,1.0,0.3172052401746725,0.5632097656954046
230.0,0.16,36.0,1.0,0.3165217391304348,0.5626026476390196
231.0,0.16,36.0,1.0,0.3158441558441558,0.5620001386513671
232.0,0.16,36.0,1.0,0.31517241379310346,0.561402185418888
233.0,0.16,36.0,1.0,0.3145064377682404,0.5608087354599965
234.0,0.16,36.0,1.0,0.3138461538461539,0.5602197371087115
235.0,0.16,36.0,1.0,0.31319148936170216,0.5596351394986756
236.0,0.16,36.0,1.0,0.31254237288135595,0.5590548925475529
237.0,0.16,36.0,1.0,0.3118987341772152,0.558478946941794
238.0,0.16,36.0,1.0,0.31126050420168067,0.5579072541217587
239.0,0.16,36.0,1.0,0.3106276150627615,0.557339766267186
240.0,0.16,36.0,1.0,0.31,0.5567764362830022
241.0,0.16,36.0,1.0,0.30937759336099585,0.5562172177854582
242.0,0.16,36.0,1.0,0.3087603305785124,0.5556620650885864
243.0,0.16,36.0,1.0,0.30814814814814817,0.5551109331909687
244.0,0.16,36.0,1.0,0.30754098360655735,0.5545637777628082
245.0,0.16,36.0,1.0,0.3069387755102041,0.5540205551332947
246.0,0.16,36.0,1.0,0.30634146341463414,0.5534812222782577
247.0,0.16,36.0,1.0,0.305748987854251,0.5529457368080986
248.0,0.16,36.0,1.0,0.30516129032258066,0.5524140569559944
249.0,0.16,36.0,1.0,0.30457831325301205,0.551886141566367
250.0,0.16,36.0,1.0,0.304,0.5513619500836089
251.0,0.16,36.0,1.0,0.30342629482071715,0.5508414425410612
252.0,0.16,36.0,1.0,0.3028571428571428,0.550324579550235
253.0,0.16,36.0,1.0,0.30229249011857706,0.5498113222902717
254.0,0.16,36.0,1.0,0.30173228346456693,0.5493016324976351
255.0,0.16,36.0,1.0,0.30117647058823527,0.5487954724560282
256.0,0.16,36.0,1.0,0.30062500000000003,0.5482928049865328
257.0,0.16,36.0,1.0,0.30007782101167313,0.5477935934379601
258.0,0.16,36.0,1.0,0.29953488372093023,0.5472978016774143
259.0,0.16,36.0,1.0,0.29899613899613897,0.546805394081056
260.0,0.16,36.0,1.0,0.29846153846153844,0.5463163355250678
261.0,0.16,36.0,1.0,0.2979310344827586,0.5458305913768104
262.0,0.16,36.0,1.0,0.2974045801526718,0.5453481274861699
263.0,0.16,36.0,1.0,0.2968821292775665,0.544868910177087
264.0,0.16,36.0,1.0,0.2963636363636364,0.544392906239268
265.0,0.16,36.0,1.0,0.2958490566037736,0.543920082920068
266.0,0.16,36.0,1.0,0.2953383458646617,0.5434504079165473
267.0,0.16,36.0,1.0,0.29483146067415733,0.5429838493676928
268.0,0.16,36.0,1.0,0.2943283582089552,0.5425203758468019
269.0,0.16,36.0,1.0,0.2938289962825279,0.5420599563540254
270.0,0.16,36.0,1.0,0.29333333333333333,0.5416025603090641
271.0,0.16,36.0,1.0,0.29284132841328414,0.5411481575440169
272.0,0.16,36.0,1.0,0.2923529411764706,0.540696718296376
273.0,0.16,36.0,1.0,0.2918681318681319,0.540248213202165
274.0,0.16,36.0,1.0,0.2913868613138686,0.5398026132892176
275.0,0.16,36.0,1.0,0.2909090909090909,0.5393598899705937
276.0,0.16,36.0,1.0,0.29043478260869565,0.5389200150381276
277.0,0.16,36.0,1.0,0.2899638989169675,0.5384829606561079
278.0,0.16,36.0,1.0,0.28949640287769784,0.5380486993550843
279.0,0.16,36.0,1.0,0.28903225806451616,0.5376172040257977
280.0,0.16,36.0,1.0,0.2885714285714286,0.5371884479132333
281.0,0.16,36.0,1.0,0.2881138790035587,0.5367624046107912
282.0,0.16,36.0,1.0,0.2876595744680851,0.5363390480545726
283.0,0.16,36.0,1.0,0.287208480565371,0.5359183525177795
284.0,0.16,36.0,1.0,0.28676056338028166,0.535500292605225
285.0,0.16,36.0,1.0,0.2863157894736842,0.5350848432479509
286.0,0.16,36.0,1.0,0.28587412587412586,0.5346719796979508
287.0,0.16,36.0,1.0,0.2854355400696864,0.5342616775229966
288.0,0.16,36.0,1.0,0.28500000000000003,0.5338539126015656
289.0,0.16,36.0,1.0,0.2845674740484429,0.5334486611178652
290.0,0.16,36.0,1.0,0.28413793103448276,0.5330458995569545
291.0,0.16,36.0,1.0,0.2837113402061856,0.5326456046999596
292.0,0.16,36.0,1.0,0.2832876712328767,0.5322477536193804
293.0,0.16,36.0,1.0,0.2828668941979522,0.5318523236744879
294.0,0.16,36.0,1.0,0.28244897959183674,0.5314592925068078
295.0,0.16,36.0,1.0,0.28203389830508474,0.5310686380356919
296.0,0.16,36.0,1.0,0.28162162162162163,0.5306803384539714
297.0,0.16,36.0,1.0,0.28121212121212125,0.5302943722236936
298.0,0.16,36.0,1.0,0.2808053691275168,0.5299107180719379
299.0,0.16,36.0,1.0,0.28040133779264215,0.5295293549867109
300.0,0.16,36.0,1.0,0.28,0.5291502622129182
301.0,0.16,36.0,1.0,0.2796013289036545,0.5287734192484098
302.0,0.16,36.0,1.0,0.279205298013245,0.5283988058401012
303.0,0.16,36.0,1.0,0.27881188118811884,0.528026401980165
304.0,0.16,36.0,1.0,0.27842105263157896,0.5276561879022921
305.0,0.16,36.0,1.0,0.2780327868852459,0.5272881440780229
306.0,0.16,36.0,1.0,0.2776470588235294,0.5269222512131457
307.0,0.16,36.0,1.0,0.27726384364820844,0.5265584902441593
308.0,0.16,36.0,1.0,0.2768831168831169,0.5261968423348024
309.0,0.16,36.0,1.0,0.276504854368932,0.5258372888726436
310.0,0.16,36.0,1.0,0.2761290322580645,0.5254798114657351
311.0,0.16,36.0,1.0,0.2757556270096463,0.5251243919393255
312.0,0.16,36.0,1.0,0.2753846153846154,0.524771012332632
313.0,0.16,36.0,1.0,0.27501597444089454,0.5244196548956709
314.0,0.16,36.0,1.0,0.2746496815286624,0.5240703020861441
315.0,0.16,36.0,1.0,0.2742857142857143,0.5237229365663817
316.0,0.16,36.0,1.0,0.27392405063291136,0.5233775412003379
317.0,0.16,36.0,1.0,0.2735646687697161,0.5230340990506414
318.0,0.16,36.0,1.0,0.2732075471698113,0.5226925933756966
319.0,0.16,36.0,1.0,0.2728526645768025,0.5223530076268371
320.0,0.16,36.0,1.0,0.2725,0.5220153254455275
321.0,0.16,36.0,1.0,0.27214953271028036,0.5216795306606158
322.0,0.16,36.0,1.0,0.27180124223602486,0.5213456072856324
323.0,0.16,36.0,1.0,0.2714551083591331,0.5210135395161368
324.0,0.16,36.0,1.0,0.2711111111111111,0.5206833117271102
325.0,0.16,36.0,1.0,0.27076923076923076,0.5203549084703927
326.0,0.16,36.0,1.0,0.27042944785276074,0.5200283144721648
327.0,0.16,36.0,1.0,0.2700917431192661,0.5197035146304728
328.0,0.16,36.0,1.0,0.2697560975609756,0.5193804940127956
329.0,0.16,36.0,1.0,0.2694224924012158,0.5190592378536536
330.0,0.16,36.0,1.0,0.2690909090909091,0.5187397315522584
331.0,0.16,36.0,1.0,0.26876132930513597,0.5184219606702015
332.0,0.16,36.0,1.0,0.26843373493975903,0.5181059109291835
333.0,0.16,36.0,1.0,0.26810810810810815,0.5177915682087805
334.0,0.16,36.0,1.0,0.26778443113772454,0.5174789185442481
335.0,0.16,36.0,1.0,0.2674626865671642,0.5171679481243634
336.0,0.16,36.0,1.0,0.2671428571428571,0.5168586432893012
337.0,0.16,36.0,1.0,0.26682492581602374,0.5165509905285477
338.0,0.16,36.0,1.0,0.266508875739645,0.5162449764788467
339.0,0.16,36.0,1.0,0.2661946902654867,0.5159405879221819
340.0,0.16,36.0,1.0,0.26588235294117646,0.5156378117837912
341.0,0.16,36.0,1.0,0.26557184750733137,0.5153366351302141
342.0,0.16,36.0,1.0,0.26526315789473687,0.5150370451673713
343.0,0.16,36.0,1.0,0.26495626822157436,0.5147390292386759
344.0,0.16,36.0,1.0,0.26465116279069767,0.5144425748231747
345.0,0.16,36.0,1.0,0.2643478260869565,0.5141476695337212
346.0,0.16,36.0,1.0,0.26404624277456645,0.5138543011151765
347.0,0.16,36.0,1.0,0.2637463976945245,0.5135624574426411
348.0,0.16,36.0,1.0,0.263448275862069,0.5132721265197137
349.0,0.16,36.0,1.0,0.2631518624641834,0.5129832964767794
350.0,0.16,36.0,1.0,0.26285714285714284,0.5126959555693246
351.0,0.16,36.0,1.0,0.26256410256410256,0.5124100921762789
352.0,0.16,36.0,1.0,0.26227272727272727,0.5121256947983838
353.0,0.16,36.0,1.0,0.2619830028328612,0.5118427520565874
354.0,0.16,36.0,1.0,0.26169491525423727,0.5115612526904645
355.0,0.16,36.0,1.0,0.26140845070422536,0.5112811855566616
356.0,0.16,36.0,1.0,0.261123595505618,0.5110025396273662
357.0,0.16,36.0,1.0,0.2608403361344538,0.5107253039888016
358.0,0.16,36.0,1.0,0.26055865921787713,0.5104494678397433
359.0,0.16,36.0,1.0,0.26027855153203344,0.5101750204900602
360.0,0.16,36.0,1.0,0.26,0.5099019513592785
361.0,0.16,36.0,1.0,0.2597229916897507,0.5096302499751665
362.0,0.16,36.0,1.0,0.2594475138121547,0.5093599059723436
363.0,0.16,36.0,1.0,0.2591735537190083,0.5090909090909091
364.0,0.16,36.0,1.0,0.2589010989010989,0.5088232491750931
365.0,0.16,36.0,1.0,0.2586301369863014,0.508556916171928
366.0,0.16,36.0,1.0,0.25836065573770495,0.5082919001299401
367.0,0.16,36.0,1.0,0.25809264305177115,0.5080281911978617
368.0,0.16,36.0,1.0,0.25782608695652176,0.5077657796233631
369.0,0.16,36.0,1.0,0.2575609756097561,0.507504655751803
370.0,0.16,36.0,1.0,0.25729729729729733,0.507244810024999
371.0,0.16,36.0,1.0,0.25703504043126685,0.5069862329800158
372.0,0.16,36.0,1.0,0.2567741935483871,0.5067289152479727
373.0,0.16,36.0,1.0,0.256514745308311,0.5064728475528683
374.0,0.16,36.0,1.0,0.2562566844919786,0.5062180207104233
375.0,0.16,36.0,1.0,0.256,0.5059644256269407
376.0,0.16,36.0,1.0,0.25574468085106383,0.5057120532981826
377.0,0.16,36.0,1.0,0.25549071618037134,0.5054608948082644
378.0,0.16,36.0,1.0,0.25523809523809526,0.5052109413285655
379.0,0.16,36.0,1.0,0.2549868073878628,0.5049621841166552
380.0,0.16,36.0,1.0,0.25473684210526315,0.5047146145152359
381.0,0.16,36.0,1.0,0.2544881889763779,0.5044682239511007
382.0,0.16,36.0,1.0,0.2542408376963351,0.5042230039341076
383.0,0.16,36.0,1.0,0.2539947780678851,0.5039789460561672
384.0,0.16,36.0,1.0,0.25375000000000003,0.5037360419902471
385.0,0.16,36.0,1.0,0.2535064935064935,0.5034942834893893
386.0,0.16,36.0,1.0,0.25326424870466324,0.5032536623857429
387.0,0.16,36.0,1.0,0.25302325581395346,0.5030141705896102
388.0,0.16,36.0,1.0,0.2527835051546392,0.5027758000885079
389.0,0.16,36.0,1.0,0.25254498714652956,0.5025385429462397
390.0,0.16,36.0,1.0,0.25230769230769234,0.5023023913019848
391.0,0.16,36.0,1.0,0.25207161125319694,0.502067337369398
392.0,0.16,36.0,1.0,0.2518367346938776,0.5018333734357228
393.0,0.16,36.0,1.0,0.2516030534351145,0.5016004918609177
394.0,0.16,36.0,1.0,0.2513705583756345,0.501368685076795
395.0,0.16,36.0,1.0,0.25113924050632913,0.5011379455861721
396.0,0.16,36.0,1.0,0.2509090909090909,0.5009082659620331
397.0,0.16,36.0,1.0,0.2506801007556675,0.5006796388467055
398.0,0.16,36.0,1.0,0.25045226130653264,0.5004520569510457
399.0,0.16,36.0,1.0,0.25022556390977446,0.500225513053637
400.0,0.16,36.0,1.0,0.25,0.5
401.0,0.16,36.0,1.0,0.24977556109725685,0.49977551070181186
402.0,0.16,36.0,1.0,0.24955223880597016,0.4995520381361387
403.0,0.16,36.0,1.0,0.24933002481389577,0.4993295753446773
404.0,0.16,36.0,1.0,0.2491089108910891,0.49910811543300826
405.0,0.16,36.0,1.0,0.24888888888888888,0.49888765156985887
406.0,0.16,36.0,1.0,0.24866995073891626,0.49866817698637667
407.0,0.16,36.0,1.0,0.24845208845208844,0.498449684975413
408.0,0.16,36.0,1.0,0.24823529411764705,0.49823216889081645
409.0,0.16,36.0,1.0,0.24801955990220048,0.49801562214673595
410.0,0.16,36.0,1.0,0.24780487804878049,0.4978000382169335
411.0,0.16,36.0,1.0,0.24759124087591242,0.49758541063410655
412.0,0.16,36.0,1.0,0.24737864077669902,0.49737173298921905
413.0,0.16,36.0,1.0,0.24716707021791767,0.4971589989308427
414.0,0.16,36.0,1.0,0.24695652173913044,0.49694720216450605
415.0,0.16,36.0,1.0,0.24674698795180722,0.496736336452053
416.0,0.16,36.0,1.0,0.24653846153846154,0.4965263956110103
417.0,0.16,36.0,1.0,0.24633093525179856,0.4963173735139629
418.0,0.16,36.0,1.0,0.2461244019138756,0.4961092640879382
419.0,0.16,36.0,1.0,0.24591885441527445,0.4959020613137986
420.0,0.16,36.0,1.0,0.24571428571428572,0.4956957592256421
421.0,0.16,36.0,1.0,0.2455106888361045,0.49549035191021074
422.0,0.16,36.0,1.0,0.24530805687203794,0.49528583350630767
423.0,0.16,36.0,1.0,0.2451063829787234,0.49508219820422084
424.0,0.16,36.0,1.0,0.2449056603773585,0.49487944024515557
425.0,0.16,36.0,1.0,0.24470588235294116,0.4946775539206738
426.0,0.16,36.0,1.0,0.24450704225352113,0.49447653357214144
427.0,0.16,36.0,1.0,0.24430913348946137,0.4942763735901822
428.0,0.16,36.0,1.0,0.24411214953271027,0.4940770684141395
429.0,0.16,36.0,1.0,0.24391608391608394,0.49387861253154497
430.0,0.16,36.0,1.0,0.24372093023255814,0.493681000477594
431.0,0.16,36.0,1.0,0.24352668213457077,0.49348422683462817
432.0,0.16,36.0,1.0,0.24333333333333335,0.49328828623162474
433.0,0.16,36.0,1.0,0.24314087759815242,0.4930931733436921
434.0,0.16,36.0,1.0,0.24294930875576037,0.4928988828915728
435.0,0.16,36.0,1.0,0.24275862068965517,0.4927054096411518
436.0,0.16,36.0,1.0,0.24256880733944955,0.4925127484029724
437.0,0.16,36.0,1.0,0.24237986270022882,0.49232089403175733
438.0,0.16,36.0,1.0,0.2421917808219178,0.4921298414259369
439.0,0.16,36.0,1.0,0.24200455580865604,0.4919395855271824
440.0,0.16,36.0,1.0,0.24181818181818182,0.4917501213199462
441.0,0.16,36.0,1.0,0.2416326530612245,0.49156144383100725
442.0,0.16,36.0,1.0,0.241447963800905,0.49137354812902273
443.0,0.16,36.0,1.0,0.24126410835214446,0.4911864293240851
444.0,0.16,36.0,1.0,0.2410810810810811,0.4910000825672854
445.0,0.16,36.0,1.0,0.24089887640449437,0.49081450305028107
446.0,0.16,36.0,1.0,0.24071748878923765,0.49062968600487034
447.0,0.16,36.0,1.0,0.24053691275167785,0.49044562670257125
448.0,0.16,36.0,1.0,0.24035714285714288,0.4902623204542063
449.0,0.16,36.0,1.0,0.2401781737193764,0.4900797626094924
450.0,0.16,36.0,1.0,0.24,0.4898979485566356
451.0,0.16,36.0,1.0,0.23982261640798225,0.48971687372193157
452.0,0.16,36.0,1.0,0.23964601769911503,0.4895365335693701
453.0,0.16,36.0,1.0,0.23947019867549668,0.4893569236002457
454.0,0.16,36.0,1.0,0.23929515418502204,0.4891780393527719
455.0,0.16,36.0,1.0,0.23912087912087912,0.4889998764017013
456.0,0.16,36.0,1.0,0.23894736842105263,0.48882243035794976
457.0,0.16,36.0,1.0,0.2387746170678337,0.48864569686822545
458.0,0.16,36.0,1.0,0.23860262008733624,0.48846967161466254
459.0,0.16,36.0,1.0,0.2384313725490196,0.488294350314459
460.0,0.16,36.0,1.0,0.23826086956521741,0.4881197287195196
461.0,0.16,36.0,1.0,0.23809110629067246,0.4879458026161025
462.0,0.16,36.0,1.0,0.23792207792207792,0.48777256782447076
463.0,0.16,36.0,1.0,0.23775377969762418,0.48760002019854776
464.0,0.16,36.0,1.0,0.23758620689655174,0.487428155625577
465.0,0.16,36.0,1.0,0.23741935483870968,0.48725697002578594
466.0,0.16,36.0,1.0,0.23725321888412018,0.487086459352054
467.0,0.16,36.0,1.0,0.23708779443254818,0.48691661958958454
468.0,0.16,36.0,1.0,0.23692307692307693,0.48674744675558074
469.0,0.16,36.0,1.0,0.23675906183368872,0.48657893689892573
470.0,0.16,36.0,1.0,0.23659574468085107,0.48641108609986583
471.0,0.16,36.0,1.0,0.2364331210191083,0.4862438904696986
472.0,0.16,36.0,1.0,0.23627118644067796,0.48607734615046394
473.0,0.16,36.0,1.0,0.23610993657505286,0.48591144931463887
474.0,0.16,36.0,1.0,0.2359493670886076,0.4857461961648363
475.0,0.16,36.0,1.0,0.23578947368421055,0.4855815829335072
476.0,0.16,36.0,1.0,0.23563025210084032,0.4854176058826465
477.0,0.16,36.0,1.0,0.23547169811320756,0.4852542613035022
478.0,0.16,36.0,1.0,0.23531380753138076,0.48509154551628786
479.0,0.16,36.0,1.0,0.23515657620041752,0.48492945486989913
480.0,0.16,36.0,1.0,0.235,0.4847679857416329
481.0,0.16,36.0,1.0,0.23484407484407485,0.48460713453691007
482.0,0.16,36.0,1.0,0.2346887966804979,0.4844468976890015
483.0,0.16,36.0,1.0,0.23453416149068324,0.48428727165875757
484.0,0.16,36.0,1.0,0.2343801652892562,0.4841282529343399
485.0,0.16,36.0,1.0,0.23422680412371133,0.4839698380309576
486.0,0.16,36.0,1.0,0.23407407407407407,0.48381202349060537
487.0,0.16,36.0,1.0,0.23392197125256675,0.48365480588180526
488.0,0.16,36.0,1.0,0.2337704918032787,0.48349818179935145
489.0,0.16,36.0,1.0,0.23361963190184049,0.48334214786405755
490.0,0.16,36.0,1.0,0.23346938775510206,0.4831867007225075
491.0,0.16,36.0,1.0,0.23331975560081467,0.48303183704680863
492.0,0.16,36.0,1.0,0.23317073170731706,0.4828775535343479
493.0,0.16,36.0,1.0,0.23302231237322515,0.48272384690755143
494.0,0.16,36.0,1.0,0.2328744939271255,0.48257071391364553
495.0,0.16,36.0,1.0,0.23272727272727273,0.4824181513244218
496.0,0.16,36.0,1.0,0.23258064516129034,0.48226615593600425
497.0,0.16,36.0,1.0,0.23243460764587526,0.48211472456861887
498.0,0.16,36.0,1.0,0.232289156626506,0.4819638540663667
499.0,0.16,36.0,1.0,0.2321442885771543,0.4818135412969983
500.0,0.16,36.0,1.0,0.23199999999999998,0.4816637831516918
501.0,0.16,36.0,1.0,0.2318562874251497,0.4815145765448328
502.0,0.16,36.0,1.0,0.2317131474103586,0.48136591841379733
503.0,0.16,36.0,1.0,0.23157057654075547,0.48121780571873635
504.0,0.16,36.0,1.0,0.23142857142857143,0.4810702354423639
505.0,0.16,36.0,1.0,0.23128712871287127,0.4809232045897466
506.0,0.16,36.0,1.0,0.23114624505928855,0.4807767101880961
507.0,0.16,36.0,1.0,0.23100591715976332,0.48063074928656335
508.0,0.16,36.0,1.0,0.23086614173228348,0.4804853189560358
509.0,0.16,36.0,1.0,0.23072691552062868,0.48034041628893637
510.0,0.16,36.0,1.0,0.23058823529411765,0.48019603839902475
511.0,0.16,36.0,1.0,0.23045009784735812,0.48005218242120107
512.0,0.16,36.0,1.0,0.2303125,0.4799088455113117
513.0,0.16,36.0,1.0,0.23017543859649123,0.47976602484595676
514.0,0.16,36.0,1.0,0.23003891050583658,0.4796237176223008
515.0,0.16,36.0,1.0,0.22990291262135923,0.47948192105788434
516.0,0.16,36.0,1.0,0.2297674418604651,0.4793406323904381
517.0,0.16,36.0,1.0,0.22963249516441006,0.4791998488776995
518.0,0.16,36.0,1.0,0.2294980694980695,0.47905956779723075
519.0,0.16,36.0,1.0,0.22936416184971098,0.4789197864462388
520.0,0.16,36.0,1.0,0.22923076923076924,0.478780502141398
521.0,0.16,36.0,1.0,0.2290978886756238,0.47864171221867385
522.0,0.16,36.0,1.0,0.2289655172413793,0.4785034140331491
523.0,0.16,36.0,1.0,0.2288336520076482,0.4783656049588517
524.0,0.16,36.0,1.0,0.22870229007633588,0.47822828238858467
525.0,0.16,36.0,1.0,0.2285714285714286,0.4780914437337575
526.0,0.16,36.0,1.0,0.22844106463878328,0.47795508642421963
527.0,0.16,36.0,1.0,0.22831119544592032,0.47781920790809607
528.0,0.16,36.0,1.0,0.22818181818181818,0.47768380565162366
529.0,0.16,36.0,1.0,0.2280529300567108,0.47754887713899064
530.0,0.16,36.0,1.0,0.2279245283018868,0.4774144198721765
531.0,0.16,36.0,1.0,0.22779661016949154,0.47728043137079434
532.0,0.16,36.0,1.0,0.22766917293233083,0.47714690917193503
533.0,0.16,36.0,1.0,0.2275422138836773,0.47701385083001235
534.0,0.16,36.0,1.0,0.22741573033707865,0.4768812539166104
535.0,0.16,36.0,1.0,0.22728971962616823,0.47674911602033226
536.0,0.16,36.0,1.0,0.22716417910447761,0.47661743474665047
537.0,0.16,36.0,1.0,0.2270391061452514,0.476486207717759
538.0,0.16,36.0,1.0,0.22691449814126394,0.4763554325724269
539.0,0.16,36.0,1.0,0.22679035250463822,0.4762251069658531
540.0,0.16,36.0,1.0,0.22666666666666668,0.47609522856952335
541.0,0.16,36.0,1.0,0.226543438077634,0.4759657950710681
542.0,0.16,36.0,1.0,0.22642066420664209,0.4758368041741224
543.0,0.16,36.0,1.0,0.22629834254143646,0.47570825359818647
544.0,0.16,36.0,1.0,0.2261764705882353,0.4755801410784888
545.0,0.16,36.0,1.0,0.22605504587155964,0.47545246436584976
546.0,0.16,36.0,1.0,0.22593406593406595,0.47532522122654713
547.0,0.16,36.0,1.0,0.22581352833638024,0.4751984094421826
548.0,0.16,36.0,1.0,0.2256934306569343,0.4750720268095506
549.0,0.16,36.0,1.0,0.22557377049180327,0.47494607114050674
550.0,0.16,36.0,1.0,0.22545454545454546,0.47482054026183984
551.0,0.16,36.0,1.0,0.22533575317604354,0.4746954320151433
552.0,0.16,36.0,1.0,0.2252173913043478,0.4745707442566891
553.0,0.16,36.0,1.0,0.22509945750452082,0.47444647485730235
554.0,0.16,36.0,1.0,0.22498194945848377,0.4743226217022374
555.0,0.16,36.0,1.0,0.22486486486486487,0.4741991826910553
556.0,0.16,36.0,1.0,0.22474820143884894,0.4740761557375027
557.0,0.16,36.0,1.0,0.22463195691202872,0.4739535387693911
558.0,0.16,36.0,1.0,0.22451612903225807,0.47383132972847847
559.0,0.16,36.0,1.0,0.22440071556350627,0.4737095265703512
560.0,0.16,36.0,1.0,0.22428571428571428,0.4735881272643079
561.0,0.16,36.0,1.0,0.22417112299465242,0.47346712979324385
562.0,0.16,36.0,1.0,0.22405693950177935,0.4733465321535369
563.0,0.16,36.0,1.0,0.22394316163410302,0.4732263323549346
564.0,0.16,36.0,1.0,0.22382978723404257,0.4731065284204421
565.0,0.16,36.0,1.0,0.22371681415929204,0.4729871183862115
566.0,0.16,36.0,1.0,0.2236042402826855,0.47286810030143234
567.0,0.16,36.0,1.0,0.2234920634920635,0.4727494722282231
568.0,0.16,36.0,1.0,0.22338028169014085,0.4726312322415234
569.0,0.16,36.0,1.0,0.22326889279437612,0.4725133784289881
570.0,0.16,36.0,1.0,0.2231578947368421,0.4723959088908816
571.0,0.16,36.0,1.0,0.22304728546409808,0.47227882173997393
572.0,0.16,36.0,1.0,0.22293706293706295,0.4721621151014373
573.0,0.16,36.0,1.0,0.22282722513089004,0.47204578711274403
574.0,0.16,36.0,1.0,0.22271777003484322,0.47192983592356524
575.0,0.16,36.0,1.0,0.22260869565217392,0.4718142596956708
576.0,0.16,36.0,1.0,0.2225,0.4716990566028302
577.0,0.16,36.0,1.0,0.22239168110918545,0.47158422483071405
578.0,0.16,36.0,1.0,0.22228373702422144,0.4714697625767971
579.0,0.16,36.0,1.0,0.2221761658031088,0.471355668050262
580.0,0.16,36.0,1.0,0.22206896551724137,0.47124193947190374
581.0,0.16,36.0,1.0,0.22196213425129088,0.47112857507403527
582.0,0.16,36.0,1.0,0.2218556701030928,0.4710155731003942
583.0,0.16,36.0,1.0,0.22174957118353344,0.4709029318060501
584.0,0.16,36.0,1.0,0.22164383561643836,0.47079064945731275
585.0,0.16,36.0,1.0,0.22153846153846155,0.4706787243316417
586.0,0.16,36.0,1.0,0.2214334470989761,0.47056715471755584
587.0,0.16,36.0,1.0,0.22132879045996592,0.4704559389145448
588.0,0.16,36.0,1.0,0.22122448979591836,0.4703450752329808
589.0,0.16,36.0,1.0,0.22112054329371816,0.47023456199403096
590.0,0.16,36.0,1.0,0.22101694915254239,0.4701243975295713
591.0,0.16,36.0,1.0,0.22091370558375634,0.4700145801821007
592.0,0.16,36.0,1.0,0.22081081081081083,0.46990510830465637
593.0,0.16,36.0,1.0,0.22070826306913996,0.4697959802607297
594.0,0.16,36.0,1.0,0.2206060606060606,0.46968719442418333
595.0,0.16,36.0,1.0,0.22050420168067228,0.4695787491791683
596.0,0.16,36.0,1.0,0.2204026845637584,0.46947064292004287
597.0,0.16,36.0,1.0,0.22030150753768846,0.4693628740512914
598.0,0.16,36.0,1.0,0.22020066889632106,0.46925544098744454
599.0,0.16,36.0,1.0,0.2201001669449082,0.46914834215299983
600.0,0.16,36.0,1.0,0.22,0.469041575982343
601.0,0.16,36.0,1.0,0.2199001663893511,0.46893514091967037
602.0,0.16,36.0,1.0,0.21980066445182725,0.4688290354189118
603.0,0.16,36.0,1.0,0.21970149253731344,0.46872325794365427
604.0,0.16,36.0,1.0,0.21960264900662252,0.4686178069670662
605.0,0.16,36.0,1.0,0.21950413223140497,0.46851268097182275
606.0,0.16,36.0,1.0,0.2194059405940594,0.4684078784500314
607.0,0.16,36.0,1.0,0.21930807248764417,0.46830339790315867
608.0,0.16,36.0,1.0,0.21921052631578947,0.46819923784195705
609.0,0.16,36.0,1.0,0.21911330049261085,0.46809539678639317
610.0,0.16,36.0,1.0,0.21901639344262297,0.467991873265576
611.0,0.16,36.0,1.0,0.21891980360065466,0.46788866581768646
612.0,0.16,36.0,1.0,0.2188235294117647,0.46778577298990687
613.0,0.16,36.0,1.0,0.21872756933115825,0.4676831933383519
614.0,0.16,36.0,1.0,0.21863192182410424,0.4675809254279993
615.0,0.16,36.0,1.0,0.21853658536585366,0.46747896783262205
616.0,0.16,36.0,1.0,0.21844155844155844,0.4673773191347206
617.0,0.16,36.0,1.0,0.21834683954619125,0.467275977925456
618.0,0.16,36.0,1.0,0.21825242718446602,0.46717494280458366
619.0,0.16,36.0,1.0,0.2181583198707593,0.46707421238038743
620.0,0.16,36.0,1.0,0.21806451612903227,0.46697378526961475
621.0,0.16,36.0,1.0,0.21797101449275363,0.4668736600974118
622.0,0.16,36.0,1.0,0.21787781350482316,0.46677383549726004
623.0,0.16,36.0,1.0,0.21778491171749598,0.4666743101109123
624.0,0.16,36.0,1.0,0.21769230769230768,0.4665750825883308
625.0,0.16,36.0,1.0,0.21760000000000002,0.46647615158762407
626.0,0.16,36.0,1.0,0.21750798722044729,0.466377515774986
627.0,0.16,36.0,1.0,0.21741626794258373,0.4662791738246345
628.0,0.16,36.0,1.0,0.21732484076433123,0.46618112441875126
629.0,0.16,36.0,1.0,0.21723370429252783,0.46608336624742125
630.0,0.16,36.0,1.0,0.21714285714285714,0.465985898008574
631.0,0.16,36.0,1.0,0.21705229793977815,0.4658887184079243
632.0,0.16,36.0,1.0,0.2169620253164557,0.46579182615891374
633.0,0.16,36.0,1.0,0.21687203791469195,0.4656952199826534
634.0,0.16,36.0,1.0,0.21678233438485806,0.4655988986078662
635.0,0.16,36.0,1.0,0.21669291338582677,0.46550286077083003
636.0,0.16,36.0,1.0,0.21660377358490568,0.46540710521532186
637.0,0.16,36.0,1.0,0.2165149136577708,0.4653116306925616
638.0,0.16,36.0,1.0,0.21642633228840125,0.46521643596115697
639.0,0.16,36.0,1.0,0.2163380281690141,0.46512151978704885
640.0,0.16,36.0,1.0,0.21625,0.46502688094345684
641.0,0.16,36.0,1.0,0.2161622464898596,0.46493251821082554
642.0,0.16,36.0,1.0,0.2160747663551402,0.46483843037677103
643.0,0.16,36.0,1.0,0.21598755832037325,0.4647446162360283
644.0,0.16,36.0,1.0,0.21590062111801242,0.4646510745903989
645.0,0.16,36.0,1.0,0.2158139534883721,0.4645578042486985
646.0,0.16,36.0,1.0,0.21572755417956657,0.4644648040267062
647.0,0.16,36.0,1.0,0.21564142194744979,0.4643720727471128
648.0,0.16,36.0,1.0,0.21555555555555556,0.46427960923947065
649.0,0.16,36.0,1.0,0.21546995377503853,0.4641874123401436
650.0,0.16,36.0,1.0,0.2153846153846154,0.4640954808922571
651.0,0.16,36.0,1.0,0.21529953917050693,0.464003813745649
652.0,0.16,36.0,1.0,0.21521472392638036,0.46391240975682074
653.0,0.16,36.0,1.0,0.2151301684532925,0.4638212677888892
654.0,0.16,36.0,1.0,0.21504587155963303,0.4637303867115385
655.0,0.16,36.0,1.0,0.2149618320610687,0.46363976540097235
656.0,0.16,36.0,1.0,0.2148780487804878,0.4635494027398674
657.0,0.16,36.0,1.0,0.2147945205479452,0.46345929761732607
658.0,0.16,36.0,1.0,0.2147112462006079,0.46336944892883036
659.0,0.16,36.0,1.0,0.21462822458270106,0.46327985557619605
660.0,0.16,36.0,1.0,0.21454545454545454,0.4631905164675271
661.0,0.16,36.0,1.0,0.21446293494704993,0.46310143051717073
662.0,0.16,36.0,1.0,0.21438066465256797,0.46301259664567224
663.0,0.16,36.0,1.0,0.21429864253393666,0.4629240137797311
664.0,0.16,36.0,1.0,0.21421686746987953,0.46283568085215676
665.0,0.16,36.0,1.0,0.21413533834586468,0.4627475968018253
666.0,0.16,36.0,1.0,0.21405405405405406,0.46265976057363584
667.0,0.16,36.0,1.0,0.21397301349325337,0.46257217111846816
668.0,0.16,36.0,1.0,0.2138922155688623,0.4624848273931398
669.0,0.16,36.0,1.0,0.21381165919282513,0.4623977283603642
670.0,0.16,36.0,1.0,0.2137313432835821,0.4623108729887089
671.0,0.16,36.0,1.0,0.21365126676602086,0.4622242602525541
672.0,0.16,36.0,1.0,0.21357142857142858,0.4621378891320518
673.0,0.16,36.0,1.0,0.2134918276374443,0.4620517586130847
674.0,0.16,36.0,1.0,0.21341246290801186,0.4619658676872263
675.0,0.16,36.0,1.0,0.21333333333333335,0.46188021535170065
676.0,0.16,36.0,1.0,0.21325443786982248,0.4617948006093426
677.0,0.16,36.0,1.0,0.2131757754800591,0.4617096224685588
678.0,0.16,36.0,1.0,0.21309734513274337,0.4616246799432883
679.0,0.16,36.0,1.0,0.21301914580265097,0.4615399720529642
680.0,0.16,36.0,1.0,0.21294117647058824,0.461455497822475
681.0,0.16,36.0,1.0,0.21286343612334802,0.4613712562821269
682.0,0.16,36.0,1.0,0.2127859237536657,0.4612872464676058
683.0,0.16,36.0,1.0,0.2127086383601757,0.46120346741994006
684.0,0.16,36.0,1.0,0.21263157894736842,0.4611199181854634
685.0,0.16,36.0,1.0,0.21255474452554746,0.46103659781577805
686.0,0.16,36.0,1.0,0.21247813411078717,0.4609535053677184
687.0,0.16,36.0,1.0,0.21240174672489082,0.4608706399033147
688.0,0.16,36.0,1.0,0.21232558139534885,0.4607880004897576
689.0,0.16,36.0,1.0,0.21224963715529754,0.46070558619936175
690.0,0.16,36.0,1.0,0.21217391304347827,0.4606233961095314
691.0,0.16,36.0,1.0,0.21209840810419683,0.46054142930272496
692.0,0.16,36.0,1.0,0.21202312138728324,0.46045968486642047
693.0,0.16,36.0,1.0,0.21194805194805194,0.46037816189308106
694.0,0.16,36.0,1.0,0.21187319884726225,0.460296859480121
695.0,0.16,36.0,1.0,0.21179856115107915,0.46021577672987174
696.0,0.16,36.0,1.0,0.21172413793103448,0.4601349127495484
697.0,0.16,36.0,1.0,0.21164992826398854,0.4600542666512164
698.0,0.16,36.0,1.0,0.2115759312320917,0.4599738375517587
699.0,0.16,36.0,1.0,0.2115021459227468,0.4598936245728427
700.0,0.16,36.0,1.0,0.21142857142857144,0.45981362684088806
701.0,0.16,36.0,1.0,0.21135520684736092,0.4597338434870343
702.0,0.16,36.0,1.0,0.2112820512820513,0.4596542736471089
703.0,0.16,36.0,1.0,0.21120910384068278,0.4595749164615958
704.0,0.16,36.0,1.0,0.21113636363636365,0.45949577107560374
705.0,0.16,36.0,1.0,0.21106382978723404,0.45941683663883504
706.0,0.16,36.0,1.0,0.21099150141643058,0.45933811230555494
707.0,0.16,36.0,1.0,0.21091937765205093,0.4592595972345607
708.0,0.16,36.0,1.0,0.21084745762711865,0.45918129058915136
709.0,0.16,36.0,1.0,0.21077574047954867,0.45910319153709733
710.0,0.16,36.0,1.0,0.2107042253521127,0.4590252992506107
711.0,0.16,36.0,1.0,0.21063291139240506,0.4589476129063153
712.0,0.16,36.0,1.0,0.21056179775280898,0.4588701316852176
713.0,0.16,36.0,1.0,0.21049088359046284,0.45879285477267717
714.0,0.16,36.0,1.0,0.2104201680672269,0.45871578135837765
715.0,0.16,36.0,1.0,0.21034965034965036,0.45863891063629825
716.0,0.16,36.0,1.0,0.21027932960893855,0.4585622418046852
717.0,0.16,36.0,1.0,0.2102092050209205,0.45848577406602326
718.0,0.16,36.0,1.0,0.2101392757660167,0.4584095066270078
719.0,0.16,36.0,1.0,0.21006954102920722,0.45833343869851695
720.0,0.16,36.0,1.0,0.21000000000000002,0.45825756949558405
721.0,0.16,36.0,1.0,0.20993065187239945,0.45818189823736977
722.0,0.16,36.0,1.0,0.20986149584487535,0.45810642414713565
723.0,0.16,36.0,1.0,0.20979253112033194,0.45803114645221665
724.0,0.16,36.0,1.0,0.20972375690607736,0.45795606438399455
725.0,0.16,36.0,1.0,0.2096551724137931,0.45788117717787125
726.0,0.16,36.0,1.0,0.20958677685950414,0.4578064840732426
727.0,0.16,36.0,1.0,0.20951856946354883,0.4577319843134723
728.0,0.16,36.0,1.0,0.20945054945054944,0.4576576771458657
729.0,0.16,36.0,1.0,0.20938271604938272,0.45758356182164445
730.0,0.16,36.0,1.0,0.20931506849315068,0.45750963759592067
731.0,0.16,36.0,1.0,0.20924760601915185,0.45743590372767184
732.0,0.16,36.0,1.0,0.20918032786885246,0.45736235947971543
733.0,0.16,36.0,1.0,0.20911323328785814,0.4572890041186844
734.0,0.16,36.0,1.0,0.20904632152588556,0.45721583691500184
735.0,0.16,36.0,1.0,0.2089795918367347,0.45714285714285713
736.0,0.16,36.0,1.0,0.20891304347826087,0.45707006408018114
737.0,0.16,36.0,1.0,0.20884667571234736,0.45699745700862204
738.0,0.16,36.0,1.0,0.20878048780487807,0.45692503521352174
739.0,0.16,36.0,1.0,0.20871447902571041,0.45685279798389156
740.0,0.16,36.0,1.0,0.20864864864864865,0.4567807446123891
741.0,0.16,36.0,1.0,0.208582995951417,0.4567088743952946
742.0,0.16,36.0,1.0,0.2085175202156334,0.4566371866324877
743.0,0.16,36.0,1.0,0.20845222072678332,0.4565656806274244
744.0,0.16,36.0,1.0,0.20838709677419354,0.4564943556871142
745.0,0.16,36.0,1.0,0.2083221476510067,0.45642321112209744
746.0,0.16,36.0,1.0,0.2082573726541555,0.45635224624642257
747.0,0.16,36.0,1.0,0.20819277108433737,0.4562814603776241
748.0,0.16,36.0,1.0,0.2081283422459893,0.45621085283670015
749.0,0.16,36.0,1.0,0.20806408544726301,0.45614042294809065
750.0,0.16,36.0,1.0,0.20800000000000002,0.4560701700396552
751.0,0.16,36.0,1.0,0.20793608521970705,0.4560000934426517
752.0,0.16,36.0,1.0,0.20787234042553193,0.4559301924917146
753.0,0.16,36.0,1.0,0.20780876494023903,0.4558604665248337
754.0,0.16,36.0,1.0,0.20774535809018568,0.45579091488333295
755.0,0.16,36.0,1.0,0.20768211920529803,0.4557215369118493
756.0,0.16,36.0,1.0,0.20761904761904762,0.45565233195831184
757.0,0.16,36.0,1.0,0.207556142668428,0.4555832993739213
758.0,0.16,36.0,1.0,0.2074934036939314,0.4555144385131292
759.0,0.16,36.0,1.0,0.2074308300395257,0.45544574873361776
760.0,0.16,36.0,1.0,0.2073684210526316,0.45537722939627934
761.0,0.16,36.0,1.0,0.20730617608409987,0.4553088798651964
762.0,0.16,36.0,1.0,0.20724409448818898,0.45524069950762197
763.0,0.16,36.0,1.0,0.2071821756225426,0.4551726876939593
764.0,0.16,36.0,1.0,0.20712041884816754,0.4551048437977424
765.0,0.16,36.0,1.0,0.20705882352941177,0.4550371671956169
766.0,0.16,36.0,1.0,0.20699738903394255,0.4549696572673199
767.0,0.16,36.0,1.0,0.2069361147327249,0.4549023133956618
768.0,0.16,36.0,1.0,0.206875,0.4548351349665063
769.0,0.16,36.0,1.0,0.206814044213264,0.45476812136875205
770.0,0.16,36.0,1.0,0.20675324675324674,0.4547012719943136
771.0,0.16,36.0,1.0,0.20669260700389105,0.45463458623810293
772.0,0.16,36.0,1.0,0.2066321243523316,0.4545680634980108
773.0,0.16,36.0,1.0,0.20657179818887453,0.4545017031748886
774.0,0.16,36.0,1.0,0.20651162790697675,0.4544355046725297
775.0,0.16,36.0,1.0,0.2064516129032258,0.4543694673976518
776.0,0.16,36.0,1.0,0.2063917525773196,0.454303590759879
777.0,0.16,36.0,1.0,0.20633204633204633,0.4542378741717233
778.0,0.16,36.0,1.0,0.20627249357326477,0.45417231704856775
779.0,0.16,36.0,1.0,0.20621309370988447,0.4541069188086485
780.0,0.16,36.0,1.0,0.20615384615384616,0.4540416788730371
781.0,0.16,36.0,1.0,0.20609475032010244,0.4539765966656238
782.0,0.16,36.0,1.0,0.20603580562659846,0.4539116716130997
783.0,0.16,36.0,1.0,0.20597701149425288,0.45384690314494036
784.0,0.16,36.0,1.0,0.20591836734693877,0.4537822906933883
785.0,0.16,36.0,1.0,0.20585987261146496,0.45371783369343655
786.0,0.16,36.0,1.0,0.20580152671755725,0.45365353158281185
787.0,0.16,36.0,1.0,0.2057433290978399,0.45358938380195796
788.0,0.16,36.0,1.0,0.20568527918781726,0.4535253897940194
789.0,0.16,36.0,1.0,0.20562737642585552,0.4534615490048252
790.0,0.16,36.0,1.0,0.20556962025316455,0.4533978608828724
791.0,0.16,36.0,1.0,0.20551201011378004,0.4533343248793103
792.0,0.16,36.0,1.0,0.20545454545454545,0.453270940447924
793.0,0.16,36.0,1.0,0.20539722572509458,0.4532077070451192
794.0,0.16,36.0,1.0,0.20534005037783376,0.45314462412990597
795.0,0.16,36.0,1.0,0.20528301886792452,0.4530816911638833
796.0,0.16,36.0,1.0,0.20522613065326634,0.4530189076112236
797.0,0.16,36.0,1.0,0.2051693851944793,0.4529562729386572
798.0,0.16,36.0,1.0,0.20511278195488722,0.45289378661545715
799.0,0.16,36.0,1.0,0.20505632040050062,0.452831448113424
800.0,0.16,36.0,1.0,0.20500000000000002,0.45276925690687087
801.0,0.16,36.0,1.0,0.2049438202247191,0.4527072124726081
802.0,0.16,36.0,1.0,0.20488778054862844,0.4526453142899288
803.0,0.16,36.0,1.0,0.2048318804483188,0.452583561840594
804.0,0.16,36.0,1.0,0.20477611940298507,0.45252195460881794
805.0,0.16,36.0,1.0,0.20472049689440994,0.4524604920812534
806.0,0.16,36.0,1.0,0.2046650124069479,0.45239917374697747
807.0,0.16,36.0,1.0,0.2046096654275093,0.45233799909747724
808.0,0.16,36.0,1.0,0.20455445544554457,0.4522769676266354
809.0,0.16,36.0,1.0,0.20449938195302844,0.45221607883071613
810.0,0.16,36.0,1.0,0.20444444444444446,0.45215533220835125
811.0,0.16,36.0,1.0,0.20438964241676943,0.4520947272605261
812.0,0.16,36.0,1.0,0.20433497536945813,0.45203426349056564
813.0,0.16,36.0,1.0,0.20428044280442803,0.45197394040412114
814.0,0.16,36.0,1.0,0.20422604422604423,0.45191375750915597
815.0,0.16,36.0,1.0,0.2041717791411043,0.45185371431593246
816.0,0.16,36.0,1.0,0.20411764705882354,0.4517938103369982
817.0,0.16,36.0,1.0,0.20406364749082007,0.451734045087173
818.0,0.16,36.0,1.0,0.20400977995110026,0.4516744180835353
819.0,0.16,36.0,1.0,0.20395604395604397,0.45161492884540916
820.0,0.16,36.0,1.0,0.20390243902439026,0.4515555768943511
821.0,0.16,36.0,1.0,0.2038489646772229,0.45149636175413743
822.0,0.16,36.0,1.0,0.2037956204379562,0.45143728295075075
823.0,0.16,36.0,1.0,0.20374240583232078,0.4513783400123679
824.0,0.16,36.0,1.0,0.20368932038834953,0.45131953246934653
825.0,0.16,36.0,1.0,0.20363636363636364,0.451260859854213
826.0,0.16,36.0,1.0,0.20358353510895882,0.45120232170164953
827.0,0.16,36.0,1.0,0.20353083434099153,0.451143917548482
828.0,0.16,36.0,1.0,0.20347826086956522,0.4510856469336674
829.0,0.16,36.0,1.0,0.2034258142340169,0.4510275093982815
830.0,0.16,36.0,1.0,0.20337349397590362,0.4509695044855069
831.0,0.16,36.0,1.0,0.20332129963898918,0.45091163174062077
832.0,0.16,36.0,1.0,0.20326923076923076,0.45085389071098275
833.0,0.16,36.0,1.0,0.20321728691476593,0.45079628094602325
834.0,0.16,36.0,1.0,0.2031654676258993,0.4507388019972313
835.0,0.16,36.0,1.0,0.20311377245508982,0.45068145341814303
836.0,0.16,36.0,1.0,0.2030622009569378,0.4506242347643298
837.0,0.16,36.0,1.0,0.20301075268817204,0.4505671455933866
838.0,0.16,36.0,1.0,0.20295942720763724,0.45051018546492066
839.0,0.16,36.0,1.0,0.20290822407628128,0.45045335394053987
840.0,0.16,36.0,1.0,0.20285714285714285,0.4503966505838413
841.0,0.16,36.0,1.0,0.20280618311533888,0.4503400749604002
842.0,0.16,36.0,1.0,0.20275534441805226,0.45028362663775845
843.0,0.16,36.0,1.0,0.20270462633451958,0.45022730518541365
844.0,0.16,36.0,1.0,0.20265402843601896,0.4501711101748078
845.0,0.16,36.0,1.0,0.202603550295858,0.4501150411793167
846.0,0.16,36.0,1.0,0.2025531914893617,0.45005909777423864
847.0,0.16,36.0,1.0,0.2025029515938607,0.4500032795367837
848.0,0.16,36.0,1.0,0.20245283018867924,0.44994758604606294
849.0,0.16,36.0,1.0,0.20240282685512367,0.44989201688307795
850.0,0.16,36.0,1.0,0.2023529411764706,0.44983657163070967
851.0,0.16,36.0,1.0,0.20230317273795534,0.44978124987370843
852.0,0.16,36.0,1.0,0.20225352112676057,0.44972605119868314
853.0,0.16,36.0,1.0,0.2022039859320047,0.4496709751940909
854.0,0.16,36.0,1.0,0.20215456674473067,0.44961602145022667
855.0,0.16,36.0,1.0,0.20210526315789473,0.4495611895592131
856.0,0.16,36.0,1.0,0.20205607476635515,0.44950647911499025
857.0,0.16,36.0,1.0,0.20200700116686116,0.4494518897133053
858.0,0.16,36.0,1.0,0.20195804195804196,0.44939742095170276
859.0,0.16,36.0,1.0,0.2019091967403958,0.4493430724295144
860.0,0.16,36.0,1.0,0.2018604651162791,0.449288843747849
861.0,0.16,36.0,1.0,0.2018118466898955,0.44923473450958296
862.0,0.16,36.0,1.0,0.20176334106728538,0.4491807443193501
863.0,0.16,36.0,1.0,0.2017149478563152,0.4491268727835323
864.0,0.16,36.0,1.0,0.20166666666666666,0.4490731195102493
865.0,0.16,36.0,1.0,0.2016184971098266,0.4490194841093498
866.0,0.16,36.0,1.0,0.2015704387990762,0.44896596619240103
867.0,0.16,36.0,1.0,0.20152249134948097,0.4489125653726803
868.0,0.16,36.0,1.0,0.2014746543778802,0.44885928126516467
869.0,0.16,36.0,1.0,0.20142692750287688,0.448806113486522
870.0,0.16,36.0,1.0,0.2013793103448276,0.4487530616551018
871.0,0.16,36.0,1.0,0.20133180252583238,0.44870012539092563
872.0,0.16,36.0,1.0,0.20128440366972478,0.44864730431567823
873.0,0.16,36.0,1.0,0.20123711340206185,0.4485945980526982
874.0,0.16,36.0,1.0,0.20118993135011443,0.44854200622696916
875.0,0.16,36.0,1.0,0.20114285714285715,0.4484895284651105
876.0,0.16,36.0,1.0,0.2010958904109589,0.4484371643953687
877.0,0.16,36.0,1.0,0.2010490307867731,0.44838491364760824
878.0,0.16,36.0,1.0,0.201002277904328,0.448332775853303
879.0,0.16,36.0,1.0,0.2009556313993174,0.4482807506455273
880.0,0.16,36.0,1.0,0.20090909090909093,0.4482288376589473
881.0,0.16,36.0,1.0,0.20086265607264472,0.44817703652981233
882.0,0.16,36.0,1.0,0.20081632653061224,0.44812534689594635
883.0,0.16,36.0,1.0,0.20077010192525482,0.44807376839673935
884.0,0.16,36.0,1.0,0.20072398190045249,0.4480223006731389
885.0,0.16,36.0,1.0,0.20067796610169492,0.44797094336764176
886.0,0.16,36.0,1.0,0.20063205417607224,0.4479196961242855
887.0,0.16,36.0,1.0,0.20058624577226608,0.44786855858864
888.0,0.16,36.0,1.0,0.20054054054054055,0.44781753040779965
889.0,0.16,36.0,1.0,0.20049493813273342,0.4477666112303746
890.0,0.16,36.0,1.0,0.2004494382022472,0.447715800706483
891.0,0.16,36.0,1.0,0.20040404040404042,0.4476650984877428
892.0,0.16,36.0,1.0,0.20035874439461884,0.44761450422726345
893.0,0.16,36.0,1.0,0.20031354983202687,0.4475640175796384
894.0,0.16,36.0,1.0,0.20026845637583893,0.44751363820093676
895.0,0.16,36.0,1.0,0.20022346368715083,0.4474633657486955
896.0,0.16,36.0,1.0,0.20017857142857143,0.44741319988191164
897.0,0.16,36.0,1.0,0.20013377926421405,0.4473631402610345
898.0,0.16,36.0,1.0,0.2000890868596882,0.44731318654795793
899.0,0.16,36.0,1.0,0.20004449388209122,0.44726333840601246
900.0,0.16,36.0,1.0,0.2,0.4472135954999579
901.0,0.16,36.0,1.0,0.1999556048834628,0.44716395749597576
902.0,0.16,36.0,1.0,0.19991130820399114,0.44711442406166135
903.0,0.16,36.0,1.0,0.1998671096345515,0.44706499486601664
904.0,0.16,36.0,1.0,0.19982300884955753,0.4470156695794427
905.0,0.16,36.0,1.0,0.19977900552486189,0.44696644787373235
906.0,0.16,36.0,1.0,0.19973509933774836,0.4469173294220625
907.0,0.16,36.0,1.0,0.19969128996692392,0.4468683138989874
908.0,0.16,36.0,1.0,0.19964757709251102,0.4468194009804308
909.0,0.16,36.0,1.0,0.19960396039603961,0.4467705903436792
910.0,0.16,36.0,1.0,0.19956043956043956,0.4467218816673743
911.0,0.16,36.0,1.0,0.19951701427003293,0.4466732746315062
912.0,0.16,36.0,1.0,0.1994736842105263,0.446624768917406
913.0,0.16,36.0,1.0,0.19943044906900328,0.44657636420773916
914.0,0.16,36.0,1.0,0.19938730853391684,0.44652806018649804
915.0,0.16,36.0,1.0,0.19934426229508198,0.44647985653899547
916.0,0.16,36.0,1.0,0.19930131004366813,0.4464317529518573
917.0,0.16,36.0,1.0,0.19925845147219193,0.4463837491130159
918.0,0.16,36.0,1.0,0.1992156862745098,0.4463358447117034
919.0,0.16,36.0,1.0,0.19917301414581068,0.4462880394384446
920.0,0.16,36.0,1.0,0.1991304347826087,0.44624033298505045
921.0,0.16,36.0,1.0,0.19908794788273615,0.4461927250446114
922.0,0.16,36.0,1.0,0.19904555314533623,0.44614521531149054
923.0,0.16,36.0,1.0,0.1990032502708559,0.4460978034813172
924.0,0.16,36.0,1.0,0.19896103896103895,0.44605048925098034
925.0,0.16,36.0,1.0,0.1989189189189189,0.446003272318622
926.0,0.16,36.0,1.0,0.1988768898488121,0.4459561523836308
927.0,0.16,36.0,1.0,0.1988349514563107,0.44590912914663533
928.0,0.16,36.0,1.0,0.19879310344827586,0.44586220230949813
929.0,0.16,36.0,1.0,0.198751345532831,0.4458153715753092
930.0,0.16,36.0,1.0,0.19870967741935486,0.44576863664837935
931.0,0.16,36.0,1.0,0.19866809881847475,0.4457219972342343
932.0,0.16,36.0,1.0,0.1986266094420601,0.4456754530396083
933.0,0.16,36.0,1.0,0.19858520900321544,0.44562900377243786
934.0,0.16,36.0,1.0,0.19854389721627408,0.4455826491418557
935.0,0.16,36.0,1.0,0.19850267379679146,0.4455363888581846
936.0,0.16,36.0,1.0,0.19846153846153847,0.44549022263293103
937.0,0.16,36.0,1.0,0.1984204909284952,0.44544415017877964
938.0,0.16,36.0,1.0,0.19837953091684435,0.44539817120958675
939.0,0.16,36.0,1.0,0.19833865814696486,0.4453522854403746
940.0,0.16,36.0,1.0,0.19829787234042554,0.44530649258732524
941.0,0.16,36.0,1.0,0.19825717321997877,0.44526079236777494
942.0,0.16,36.0,1.0,0.19821656050955413,0.44521518450020786
943.0,0.16,36.0,1.0,0.1981760339342524,0.4451696687042508
944.0,0.16,36.0,1.0,0.198135593220339,0.4451242447006667
945.0,0.16,36.0,1.0,0.1980952380952381,0.44507891221134943
946.0,0.16,36.0,1.0,0.19805496828752645,0.4450336709593179
947.0,0.16,36.0,1.0,0.19801478352692714,0.4449885206687102
948.0,0.16,36.0,1.0,0.1979746835443038,0.4449434610647782
949.0,0.16,36.0,1.0,0.19793466807165438,0.4448984918738817
950.0,0.16,36.0,1.0,0.19789473684210526,0.44485361282348296
951.0,0.16,36.0,1.0,0.19785488958990538,0.4448088236421411
952.0,0.16,36.0,1.0,0.19781512605042018,0.4447641240595066
953.0,0.16,36.0,1.0,0.19777544596012592,0.4447195138063158
954.0,0.16,36.0,1.0,0.19773584905660377,0.4446749926143855
955.0,0.16,36.0,1.0,0.19769633507853404,0.4446305602166073
956.0,0.16,36.0,1.0,0.1976569037656904,0.4445862163469425
957.0,0.16,36.0,1.0,0.19761755485893417,0.4445419607404167
958.0,0.16,36.0,1.0,0.19757828810020878,0.4444977931331142
959.0,0.16,36.0,1.0,0.1975391032325339,0.44445371326217303
960.0,0.16,36.0,1.0,0.1975,0.44440972086577946
961.0,0.16,36.0,1.0,0.19746097814776276,0.44436581568316297
962.0,0.16,36.0,1.0,0.19742203742203743,0.44432199745459083
963.0,0.16,36.0,1.0,0.19738317757009347,0.44427826592136316
964.0,0.16,36.0,1.0,0.19734439834024897,0.4442346208258075
965.0,0.16,36.0,1.0,0.19730569948186527,0.444191061911274
966.0,0.16,36.0,1.0,0.1972670807453416,0.44414758892213024
967.0,0.16,36.0,1.0,0.19722854188210961,0.4441042016037561
968.0,0.16,36.0,1.0,0.19719008264462812,0.4440608997025387
969.0,0.16,36.0,1.0,0.19715170278637772,0.44401768296586763
970.0,0.16,36.0,1.0,0.19711340206185568,0.44397455114212986
971.0,0.16,36.0,1.0,0.19707518022657056,0.44393150398070486
972.0,0.16,36.0,1.0,0.19703703703703704,0.44388854123195953
973.0,0.16,36.0,1.0,0.19699897225077082,0.4438456626472436
974.0,0.16,36.0,1.0,0.19696098562628336,0.4438028679788847
975.0,0.16,36.0,1.0,0.19692307692307692,0.4437601569801833
976.0,0.16,36.0,1.0,0.19688524590163936,0.44371752940540826
977.0,0.16,36.0,1.0,0.1968474923234391,0.4436749850097919
978.0,0.16,36.0,1.0,0.19680981595092026,0.4436325235495255
979.0,0.16,36.0,1.0,0.19677221654749744,0.44359014478175396
980.0,0.16,36.0,1.0,0.19673469387755102,0.4435478484645721
981.0,0.16,36.0,1.0,0.19669724770642202,0.44350563435701923
982.0,0.16,36.0,1.0,0.19665987780040733,0.44346350221907477
983.0,0.16,36.0,1.0,0.19662258392675483,0.4434214518116538
984.0,0.16,36.0,1.0,0.19658536585365854,0.4433794828966024
985.0,0.16,36.0,1.0,0.19654822335025382,0.44333759523669297
986.0,0.16,36.0,1.0,0.19651115618661258,0.44329578859561997
987.0,0.16,36.0,1.0,0.1964741641337386,0.4432540627379952
988.0,0.16,36.0,1.0,0.19643724696356274,0.44321241742934364
989.0,0.16,36.0,1.0,0.19640040444893833,0.44317085243609866
990.0,0.16,36.0,1.0,0.19636363636363635,0.44312936752559784
991.0,0.16,36.0,1.0,0.19632694248234106,0.44308796246607857
992.0,0.16,36.0,1.0,0.19629032258064516,0.4430466370266737
993.0,0.16,36.0,1.0,0.19625377643504532,0.4430053909774071
994.0,0.16,36.0,1.0,0.19621730382293762,0.4429642240891894
995.0,0.16,36.0,1.0,0.19618090452261305,0.4429231361338139
996.0,0.16,36.0,1.0,0.19614457831325302,0.44288212688395207
997.0,0.16,36.0,1.0,0.19610832497492478,0.4428411961131493
998.0,0.16,36.0,1.0,0.19607214428857717,0.44280034359582104
999.0,0.16,36.0,1.0,0.19603603603603603,0.4427595691072481
1000.0,0.16,36.0,1.0,0.196,0.4427188724235731
