n_scan,static_ESS_mg,flowing_ESS_mg,static_sampling_variance_mg_g_sq,static_instrument_variance_mg_g_sq,static_total_variance_mg_g_sq,static_total_sd_mg_g,flowing_sampling_variance_mg_g_sq,flowing_instrument_variance_mg_g_sq,flowing_total_variance_mg_g_sq,flowing_total_sd_mg_g
1,25.0,25.0,1.44,4.09,5.529999999999999,2.351595203260969,1.44,4.09,5.529999999999999,2.351595203260969
2,25.0,50.0,1.44,2.09,3.53,1.8788294228055935,0.72,2.09,2.8099999999999996,1.676305461424021
3,25.0,75.0,1.44,1.4233333333333333,2.8633333333333333,1.6921386861996073,0.48,1.4233333333333333,1.9033333333333333,1.379613472438325
4,25.0,100.0,1.44,1.09,2.5300000000000002,1.5905973720586868,0.36,1.09,1.4500000000000002,1.2041594578792296
5,25.0,125.0,1.44,0.89,2.33,1.5264337522473748,0.288,0.89,1.178,1.0853570840972109
6,25.0,150.0,1.44,0.7566666666666666,2.1966666666666663,1.4821156050277138,0.24,0.7566666666666666,0.9966666666666666,0.9983319421247958
7,25.0,175.0,1.44,0.6614285714285714,2.1014285714285714,1.4496304947911973,0.2057142857142857,0.6614285714285714,0.8671428571428571,0.9312050564418436
8,25.0,200.0,1.44,0.59,2.03,1.4247806848775006,0.18,0.59,0.77,0.8774964387392122
9,25.0,225.0,1.44,0.5344444444444444,1.9744444444444444,1.4051492605571996,0.16,0.5344444444444444,0.6944444444444444,0.8333333333333334
10,25.0,250.0,1.44,0.49,1.93,1.3892443989449805,0.144,0.49,0.634,0.7962411694957753
11,25.0,275.0,1.44,0.4536363636363636,1.8936363636363636,1.3760946056272307,0.13090909090909092,0.4536363636363636,0.5845454545454545,0.76455572363658
12,25.0,300.0,1.44,0.42333333333333334,1.8633333333333333,1.3650396819628847,0.12,0.42333333333333334,0.5433333333333333,0.7371114795831993
13,25.0,325.0,1.44,0.3976923076923077,1.8376923076923077,1.3556151030776795,0.11076923076923077,0.3976923076923077,0.5084615384615384,0.7130648907789097
14,25.0,350.0,1.44,0.37571428571428567,1.8157142857142856,1.3474844287465015,0.10285714285714286,0.37571428571428567,0.47857142857142854,0.6917885721601857
15,25.0,375.0,1.44,0.3566666666666667,1.7966666666666666,1.3403979508588733,0.096,0.3566666666666667,0.45266666666666666,0.6728050733062784
16,25.0,400.0,1.44,0.33999999999999997,1.7799999999999998,1.3341664064126333,0.09,0.33999999999999997,0.42999999999999994,0.6557438524302001
17,25.0,425.0,1.44,0.32529411764705884,1.7652941176470587,1.3286437135842921,0.08470588235294117,0.32529411764705884,0.41000000000000003,0.6403124237432849
18,25.0,450.0,1.44,0.3122222222222222,1.7522222222222221,1.3237153101109853,0.08,0.3122222222222222,0.3922222222222222,0.6262764742685312
19,25.0,475.0,1.44,0.30052631578947364,1.7405263157894737,1.3192900802285574,0.07578947368421053,0.30052631578947364,0.37631578947368416,0.613445832550588
20,25.0,500.0,1.44,0.29000000000000004,1.73,1.3152946437965904,0.072,0.29000000000000004,0.36200000000000004,0.6016643582596529
21,25.0,525.0,1.44,0.28047619047619043,1.7204761904761905,1.3116692382137314,0.06857142857142857,0.28047619047619043,0.349047619047619,0.5908025211926732
22,25.0,550.0,1.44,0.27181818181818185,1.711818181818182,1.3083646975588197,0.06545454545454546,0.27181818181818185,0.3372727272727273,0.5807518637703432
23,25.0,575.0,1.44,0.26391304347826083,1.7039130434782608,1.3053402021995113,0.06260869565217392,0.26391304347826083,0.32652173913043475,0.571420807400671
24,25.0,600.0,1.44,0.25666666666666665,1.6966666666666665,1.3025615788386615,0.06,0.25666666666666665,0.31666666666666665,0.5627314338711378
25,25.0,625.0,1.44,0.25,1.69,1.3,0.0576,0.25,0.3076,0.5546169849544819
26,25.0,650.0,1.44,0.24384615384615385,1.6838461538461538,1.2976309775302661,0.055384615384615386,0.24384615384615385,0.29923076923076924,0.5470198983864931
27,25.0,675.0,1.44,0.23814814814814814,1.6781481481481482,1.2954335753515687,0.05333333333333334,0.23814814814814814,0.29148148148148145,0.5398902494780596
28,25.0,700.0,1.44,0.23285714285714285,1.6728571428571428,1.2933897876731295,0.05142857142857143,0.23285714285714285,0.28428571428571425,0.5331845030434721
29,25.0,725.0,1.44,0.22793103448275862,1.6679310344827585,1.29148404344876,0.0496551724137931,0.22793103448275862,0.2775862068965517,0.5268645052540091
30,25.0,750.0,1.44,0.22333333333333333,1.6633333333333333,1.2897028081435402,0.048,0.22333333333333333,0.2713333333333333,0.5208966628164682
31,25.0,775.0,1.44,0.21903225806451612,1.659032258064516,1.2880342612153282,0.04645161290322581,0.21903225806451612,0.26548387096774195,0.5152512697390875
32,25.0,800.0,1.44,0.215,1.655,1.2864680330268607,0.045,0.215,0.26,0.5099019513592785
33,25.0,825.0,1.44,0.2112121212121212,1.6512121212121211,1.2849949887887193,0.04363636363636364,0.2112121212121212,0.2548484848484849,0.5048252022715237
34,25.0,850.0,1.44,0.2076470588235294,1.6476470588235292,1.283607050005386,0.042352941176470586,0.2076470588235294,0.25,0.5
35,25.0,875.0,1.44,0.2042857142857143,1.6442857142857141,1.2822970460410934,0.04114285714285714,0.2042857142857143,0.24542857142857144,0.4954074801903696
36,25.0,900.0,1.44,0.2011111111111111,1.641111111111111,1.2810585900383755,0.04,0.2011111111111111,0.2411111111111111,0.4910306620885412
37,25.0,925.0,1.44,0.1981081081081081,1.6381081081081081,1.2798859746509093,0.03891891891891892,0.1981081081081081,0.23702702702702702,0.48685421537358287
38,25.0,950.0,1.44,0.19526315789473683,1.6352631578947368,1.2787740839940167,0.037894736842105266,0.19526315789473683,0.2331578947368421,0.48286426119235837
39,25.0,975.0,1.44,0.19256410256410256,1.6325641025641024,1.277718318943617,0.036923076923076927,0.19256410256410256,0.22948717948717948,0.4790482016323404
40,25.0,1000.0,1.44,0.19,1.63,1.2767145334803705,0.036,0.19,0.226,0.4753945729601885
41,25.0,1025.0,1.44,0.1875609756097561,1.627560975609756,1.2757589802191305,0.0351219512195122,0.1875609756097561,0.2226829268292683,0.47189291881661916
42,25.0,1050.0,1.44,0.18523809523809523,1.6252380952380951,1.2748482636133978,0.03428571428571429,0.18523809523809523,0.2195238095238095,0.4685336802448779
43,25.0,1075.0,1.44,0.18302325581395348,1.6230232558139535,1.2739792996018238,0.03348837209302326,0.18302325581395348,0.21651162790697676,0.4653080999799775
44,25.0,1100.0,1.44,0.1809090909090909,1.6209090909090909,1.2731492806851405,0.03272727272727273,0.1809090909090909,0.21363636363636362,0.4622081388685877
45,25.0,1125.0,1.44,0.17888888888888888,1.6188888888888888,1.2723556455994876,0.032,0.17888888888888888,0.21088888888888888,0.45922640264785397
46,25.0,1150.0,1.44,0.17695652173913043,1.6169565217391304,1.271596052895388,0.03130434782608696,0.17695652173913043,0.2082608695652174,0.45635607760302416
47,25.0,1175.0,1.44,0.17510638297872338,1.6151063829787233,1.270868357847784,0.030638297872340424,0.17510638297872338,0.20574468085106382,0.4535908738621885
48,25.0,1200.0,1.44,0.17333333333333334,1.6133333333333333,1.2701705922171767,0.03,0.17333333333333334,0.20333333333333334,0.4509249752822894
49,25.0,1225.0,1.44,0.1716326530612245,1.6116326530612244,1.2695009464593654,0.029387755102040815,0.1716326530612245,0.2010204081632653,0.44835299504214904
50,25.0,1250.0,1.44,0.16999999999999998,1.6099999999999999,1.268857754044952,0.0288,0.16999999999999998,0.19879999999999998,0.44586993619215903
51,25.0,1275.0,1.44,0.1684313725490196,1.6084313725490196,1.2682394776023256,0.02823529411764706,0.1684313725490196,0.19666666666666666,0.443471156521669
52,25.0,1300.0,1.44,0.16692307692307692,1.606923076923077,1.267644696641404,0.027692307692307693,0.16692307692307692,0.1946153846153846,0.4411523371981436
53,25.0,1325.0,1.44,0.16547169811320755,1.6054716981132076,1.2670720966516498,0.027169811320754716,0.16547169811320755,0.19264150943396227,0.4389094547101512
54,25.0,1350.0,1.44,0.16407407407407407,1.604074074074074,1.2665204593981394,0.02666666666666667,0.16407407407407407,0.19074074074074074,0.4367387557118566
55,25.0,1375.0,1.44,0.16272727272727272,1.6027272727272726,1.2659886542648289,0.02618181818181818,0.16272727272727272,0.18890909090909092,0.4346367344220814
56,25.0,1400.0,1.44,0.16142857142857142,1.6014285714285714,1.2654756305154877,0.025714285714285714,0.16142857142857142,0.18714285714285714,0.4326001122779063
57,25.0,1425.0,1.44,0.16017543859649122,1.6001754385964913,1.2649804103607658,0.02526315789473684,0.16017543859649122,0.18543859649122807,0.4306258195826489
58,25.0,1450.0,1.44,0.1589655172413793,1.5989655172413793,1.2645020827350895,0.02482758620689655,0.1589655172413793,0.18379310344827585,0.42871097892201904
59,25.0,1475.0,1.44,0.15779661016949154,1.5977966101694916,1.2640397977000137,0.02440677966101695,0.15779661016949154,0.1822033898305085,0.42685289015128913
60,25.0,1500.0,1.44,0.15666666666666668,1.5966666666666667,1.2635927614016578,0.024,0.15666666666666668,0.18066666666666667,0.42504901678120216
61,25.0,1525.0,1.44,0.15557377049180326,1.5955737704918032,1.263160231519265,0.02360655737704918,0.15557377049180326,0.17918032786885243,0.4232969736117333
62,25.0,1550.0,1.44,0.15451612903225806,1.594516129032258,1.2627415131499629,0.023225806451612905,0.15451612903225806,0.17774193548387096,0.4215945154812512
63,25.0,1575.0,1.44,0.15349206349206349,1.5934920634920635,1.2623359550817141,0.022857142857142857,0.15349206349206349,0.17634920634920634,0.41993952701455284
64,25.0,1600.0,1.44,0.1525,1.5925,1.2619429464123963,0.0225,0.1525,0.175,0.4183300132670378
65,25.0,1625.0,1.44,0.15153846153846154,1.5915384615384616,1.261561913478075,0.022153846153846152,0.15153846153846154,0.1736923076923077,0.41676409117426094
66,25.0,1650.0,1.44,0.1506060606060606,1.5906060606060606,1.2611923170579737,0.02181818181818182,0.1506060606060606,0.17242424242424242,0.4152399817265221
67,25.0,1675.0,1.44,0.14970149253731344,1.5897014925373134,1.2608336498274915,0.021492537313432834,0.14970149253731344,0.17119402985074628,0.4137560027972359
68,25.0,1700.0,1.44,0.1488235294117647,1.5888235294117647,1.2604854340339537,0.021176470588235293,0.1488235294117647,0.16999999999999998,0.412310562561766
69,25.0,1725.0,1.44,0.14797101449275363,1.5879710144927537,1.2601472193727024,0.020869565217391306,0.14797101449275363,0.16884057971014493,0.41090215345036213
70,25.0,1750.0,1.44,0.14714285714285713,1.5871428571428572,1.2598185810436586,0.02057142857142857,0.14714285714285713,0.1677142857142857,0.40952934658493734
71,25.0,1775.0,1.44,0.1463380281690141,1.586338028169014,1.259499117970717,0.02028169014084507,0.1463380281690141,0.16661971830985917,0.4081907866547935
72,25.0,1800.0,1.44,0.14555555555555555,1.5855555555555556,1.2591884511682736,0.02,0.14555555555555555,0.16555555555555554,0.40688518719112343
73,25.0,1825.0,1.44,0.1447945205479452,1.5847945205479452,1.2588862222408923,0.019726027397260273,0.1447945205479452,0.1645205479452055,0.40561132620429313
74,25.0,1850.0,1.44,0.14405405405405405,1.584054054054054,1.2585920920036222,0.01945945945945946,0.14405405405405405,0.1635135135135135,0.4043680421515943
75,25.0,1875.0,1.44,0.14333333333333334,1.5833333333333333,1.2583057392117916,0.0192,0.14333333333333334,0.16253333333333334,0.40315423020642277
76,25.0,1900.0,1.44,0.14263157894736841,1.5826315789473684,1.2580268593902788,0.018947368421052633,0.14263157894736841,0.16157894736842104,0.40196883880273737
77,25.0,1925.0,1.44,0.14194805194805193,1.5819480519480518,1.2577551637532847,0.0187012987012987,0.14194805194805193,0.16064935064935063,0.40081086643122665
78,25.0,1950.0,1.44,0.1412820512820513,1.5812820512820513,1.2574903782065496,0.018461538461538463,0.1412820512820513,0.15974358974358976,0.3996793586659058
79,25.0,1975.0,1.44,0.14063291139240505,1.580632911392405,1.2572322424247657,0.018227848101265823,0.14063291139240505,0.15886075949367087,0.39857340540190445
80,25.0,2000.0,1.44,0.14,1.58,1.2569805089976536,0.018,0.14,0.158,0.39749213828703583
81,25.0,2025.0,1.44,0.1393827160493827,1.5793827160493827,1.256734942638814,0.017777777777777778,0.1393827160493827,0.1571604938271605,0.3964347283313616
82,25.0,2050.0,1.44,0.13878048780487806,1.578780487804878,1.2564953194520376,0.0175609756097561,0.13878048780487806,0.15634146341463417,0.3954003836804337
83,25.0,2075.0,1.44,0.13819277108433736,1.5781927710843373,1.25626142625026,0.017349397590361446,0.13819277108433736,0.1555421686746988,0.3943883475391975
84,25.0,2100.0,1.44,0.1376190476190476,1.5776190476190475,1.2560330599228062,0.017142857142857144,0.1376190476190476,0.15476190476190477,0.3933978962347216
85,25.0,2125.0,1.44,0.13705882352941176,1.5770588235294116,1.2558100268469796,0.016941176470588234,0.13705882352941176,0.154,0.3924283374069717
86,25.0,2150.0,1.44,0.13651162790697674,1.5765116279069766,1.2555921423404084,0.01674418604651163,0.13651162790697674,0.15325581395348836,0.3914790083178003
87,25.0,2175.0,1.44,0.13597701149425287,1.5759770114942528,1.2553792301508946,0.016551724137931035,0.13597701149425287,0.15252873563218391,0.39054927426918096
88,25.0,2200.0,1.44,0.13545454545454544,1.5754545454545454,1.255171121980802,0.016363636363636365,0.13545454545454544,0.1518181818181818,0.389638527122488
89,25.0,2225.0,1.44,0.1349438202247191,1.574943820224719,1.2549676570432877,0.016179775280898877,0.1349438202247191,0.15112359550561796,0.3887461839113253
90,25.0,2250.0,1.44,0.13444444444444445,1.5744444444444443,1.254768681647914,0.016,0.13444444444444445,0.15044444444444444,0.3878716855410362
91,25.0,2275.0,1.44,0.13395604395604396,1.5739560439560438,1.2545740488133985,0.015824175824175824,0.13395604395604396,0.1497802197802198,0.38701449556860246
92,25.0,2300.0,1.44,0.1334782608695652,1.5734782608695652,1.2543836179054497,0.01565217391304348,0.1334782608695652,0.14913043478260868,0.38617409905715927
93,25.0,2325.0,1.44,0.13301075268817203,1.573010752688172,1.2541972542978126,0.015483870967741935,0.13301075268817203,0.14849462365591395,0.38535000149982346
94,25.0,2350.0,1.44,0.1325531914893617,1.5725531914893616,1.254014829054809,0.015319148936170212,0.1325531914893617,0.1478723404255319,0.3845417278079609
95,25.0,2375.0,1.44,0.13210526315789473,1.5721052631578947,1.2538362186337955,0.015157894736842105,0.13210526315789473,0.14726315789473682,0.3837488213594106
96,25.0,2400.0,1.44,0.13166666666666665,1.5716666666666665,1.2536613046060991,0.015,0.13166666666666665,0.14666666666666667,0.38297084310253526
97,25.0,2425.0,1.44,0.13123711340206184,1.5712371134020617,1.2534899733951053,0.014845360824742268,0.13123711340206184,0.14608247422680412,0.38220737071229294
98,25.0,2450.0,1.44,0.13081632653061223,1.570816326530612,1.2533221160302774,0.014693877551020407,0.13081632653061223,0.14551020408163265,0.38145799779481965
99,25.0,2475.0,1.44,0.1304040404040404,1.5704040404040405,1.253157627915994,0.014545454545454545,0.1304040404040404,0.14494949494949497,0.38072233313728127
100,25.0,2500.0,1.44,0.13,1.5699999999999998,1.2529964086141667,0.0144,0.13,0.1444,0.38
